example,protein1_ID,protein2_ID,msa1_ID,msa2_ID,protein1,protein2,ref1,ref2,p1_mStartIndex,p2_mStartIndex,p1_mEndIndex,p2_mEndIndex
0,N_10_gi|4699570,N_11_gi|229912,N_10_gi|4699570,N_11_gi|229912,VKLSEDQEHYIKGVWKDVDHKQITAKALERVFVVYPWTTRLFSKLQGLFSANDIGVQQHADKVQRALGEAIDDLKKVEINFQNLSGKHQEIGVDTQNFKLLGQTFMVELALHYKKTFRPKEHAAAYKFFRLVAEALSSNYH,VLSPADKTNVKAAWGKVGAHAGEYGAEALERMFLSFPTTKTYFPHFDLSHGSAQVKGHGKKVADALTNAVAHVDDMPNALSALSDLHAHKLRVDPVNFKLLSHCLLVTLAAHLPAEFTPAVHASLDKFLASVSTVLTSKYR,VKLSEDQEHYIKGVWKD--VDHKQITAKALERVFVVYPWTTRLFSKLQGLFSANDIGVQQHADKVQRALGEAIDDLKKVEINFQNLSGKHQE-IGVDTQNFKLLGQTFMVELALHYKKTFRPKEHAAAYKFFRLVAEALSSNYH,-VLSPADKTNVKAAWGKVGAHAGEYGAEALERMFLSFPTTKTYFPHFDLSH--GSAQVKGHGKKVADALTNAVAHVDDMPNALSALSDLHAHKLRVDPVNFKLLSHCLLVTLAAHLPAEFTPAVHASLDKFLASVSTVLTSKYR,0,0,140,140
1,N_10_gi|4699570,N_12_gi|56553726,N_10_gi|4699570,N_12_gi|56553726,VKLSEDQEHYIKGVWKDVDHKQITAKALERVFVVYPWTTRLFSKLQGLFSANDIGVQQHADKVQRALGEAIDDLKKVEINFQNLSGKHQEIGVDTQNFKLLGQTFMVELALHYKKTFRPKEHAAAYKFFRLVAEALSSNYH,VLSPADKTNVKAAWGKVGAHAGEYGAEALERMFLSFPTTKTYFPHFDLSHGSAQVKGHGKKVADALTNAVAHVDDMPNALSALSDLHAHKLRVDPVNFKLLSHCLLVTLAAHLPAEFTPAVHASLDKFLASVSTVLTSKYR,VKLSEDQEHYIKGVWKD--VDHKQITAKALERVFVVYPWTTRLFSKLQGLFSANDIGVQQHADKVQRALGEAIDDLKKVEINFQNLSGKHQE-IGVDTQNFKLLGQTFMVELALHYKKTFRPKEHAAAYKFFRLVAEALSSNYH,-VLSPADKTNVKAAWGKVGAHAGEYGAEALERMFLSFPTTKTYFPHFDLSH--GSAQVKGHGKKVADALTNAVAHVDDMPNALSALSDLHAHKLRVDPVNFKLLSHCLLVTLAAHLPAEFTPAVHASLDKFLASVSTVLTSKYR,0,0,140,140
2,N_10_gi|4699570,N_13_gi|56553727,N_10_gi|4699570,N_13_gi|56553727,VKLSEDQEHYIKGVWKDVDHKQITAKALERVFVVYPWTTRLFSKLQGLFSANDIGVQQHADKVQRALGEAIDDLKKVEINFQNLSGKHQEIGVDTQNFKLLGQTFMVELALHYKKTFRPKEHAAAYKFFRLVAEALSSNYH,VHLTPEEKTAVNALWGKVNVDAVGGEALGRLLVVYPWTQRFFESFGDLSSPDAVMGNPKVKAHGKKVLGAFSDGLAHLDNLKGTFSQLSELHCDKLHVDPENFRLLGNVLVCVLARNFGKEFTPQMQAAYQKVVAGVANALAHKYH,VKLSEDQEHYIKGVWKDVDHKQITAKALERVFVVYPWTTRLFSKLQGLFS----ANDIGVQQHADKVQRALGEAIDDLKKVEINFQNLSGKHQE-IGVDTQNFKLLGQTFMVELALHYKKTFRPKEHAAAYKFFRLVAEALSSNYH,VHLTPEEKTAVNALWGKVNVDAVGGEALGRLLVVYPWTQRFFESFGDLSSPDAVMGNPKVKAHGKKVLGAFSDGLAHLDNLKGTFSQLSELHCDKLHVDPENFRLLGNVLVCVLARNFGKEFTPQMQAAYQKVVAGVANALAHKYH,0,0,140,145
3,N_10_gi|4699570,N_1_gi|1942655,N_10_gi|4699570,N_1_gi|1942655,VKLSEDQEHYIKGVWKDVDHKQITAKALERVFVVYPWTTRLFSKLQGLFSANDIGVQQHADKVQRALGEAIDDLKKVEINFQNLSGKHQEIGVDTQNFKLLGQTFMVELALHYKKTFRPKEHAAAYKFFRLVAEALSSNYH,VEWTDAEKSTISAVWGKVNIDEIGPLALARVLIVYPWTQRYFGSFGNVSTPAAIMGNPKVAAHGKVVCGALDKAVKNMGNILATYKSLSETHANKLFVDPDNFRVLADVLTIVIAAKFGASFTPEIQATWQKFMKVVVAAMGSRYF,VKLSEDQEHYIKGVWKDVDHKQITAKALERVFVVYPWTTRLFSKLQGLFS----ANDIGVQQHADKVQRALGEAIDDLKKVEINFQNLSGKHQE-IGVDTQNFKLLGQTFMVELALHYKKTFRPKEHAAAYKFFRLVAEALSSNYH,VEWTDAEKSTISAVWGKVNIDEIGPLALARVLIVYPWTQRYFGSFGNVSTPAAIMGNPKVAAHGKVVCGALDKAVKNMGNILATYKSLSETHANKLFVDPDNFRVLADVLTIVIAAKFGASFTPEIQATWQKFMKVVVAAMGSRYF,0,0,140,145
4,N_10_gi|4699570,N_2_gi|10120557,N_10_gi|4699570,N_2_gi|10120557,VKLSEDQEHYIKGVWKDVDHKQITAKALERVFVVYPWTTRLFSKLQGLFSANDIGVQQHADKVQRALGEAIDDLKKVEINFQNLSGKHQEIGVDTQNFKLLGQTFMVELALHYKKTFRPKEHAAAYKFFRLVAEALSSNYH,AFTACEKQTIGKIAQVLAKSPEAYGAECLARLFVTHPGSKSYFEYKDYSAAGAKVQVHGGKVIRAVVKAAEHVDDLHSHLETLALTHGKKLLVDPQNFPMLSECIIVTLATHLTEFSPDTHCAVDKLLSAICQELSSRYR,VKLSEDQEHYIKGVWKD--VDHKQITAKALERVFVVYPWTTRLFSKLQGLFSANDIGVQQHADKVQRALGEAIDDLKKVEINFQNLSGKHQE-IGVDTQNFKLLGQTFMVELALHYKKTFRPKEHAAAYKFFRLVAEALSSNYH,-AFTACEKQTIGKIAQVLAKSPEAYGAECLARLFVTHPGSKSYFEYKDYSA--AGAKVQVHGGKVIRAVVKAAEHVDDLHSHLETLALTHGKKLLVDPQNFPMLSECIIVTLATHLT-EFSPDTHCAVDKLLSAICQELSSRYR,0,0,140,139
5,N_10_gi|4699570,N_3_gi|10120558,N_10_gi|4699570,N_3_gi|10120558,VKLSEDQEHYIKGVWKDVDHKQITAKALERVFVVYPWTTRLFSKLQGLFSANDIGVQQHADKVQRALGEAIDDLKKVEINFQNLSGKHQEIGVDTQNFKLLGQTFMVELALHYKKTFRPKEHAAAYKFFRLVAEALSSNYH,VHWTQEERDEISKTFQGTDMKTVVTQALDRMFKVYPWTNRYFQKRTDFRSSIHAGIVVGALQDAVKHMDDVKTLFKDLSKKHADDLHVDPGSFHLLTDCIIVELAYLRKDCFTPHIQGIWDKFFEVVIDAISKQY,VKLSEDQEHYIKGVWKDVDHKQITAKALERVFVVYPWTTRLFSKLQGLFSANDIGVQQHADKVQRALGEAIDDLKKVEINFQNLSGKHQE-IGVDTQNFKLLGQTFMVELALHYKKTFRPKEHAAAYKFFRLVAEALSSNYH,VHWTQEERDEISKTFQGTDMKTVVTQALDRMFKVYPWTNRYFQKRTD------FRSSIHAGIVVGALQDAVKHMDDVKTLFKDLSKKHADDLHVDPGSFHLLTDCIIVELAYLRKDCFTPHIQGIWDKFFEVVIDAISKQY-,0,0,140,134
6,N_10_gi|4699570,N_4_gi|4699640,N_10_gi|4699570,N_4_gi|4699640,VKLSEDQEHYIKGVWKDVDHKQITAKALERVFVVYPWTTRLFSKLQGLFSANDIGVQQHADKVQRALGEAIDDLKKVEINFQNLSGKHQEIGVDTQNFKLLGQTFMVELALHYKKTFRPKEHAAAYKFFRLVAEALSSNYH,MLTAEDKKLIQQAWEKAASHQEEFGAEALTRMFTTYPQTKTYFPHFDLSPGSDQVRGHGKKVLGALGNAVKNVDNLSQAMAELSNLHAYNLRVDPVNFKLLSQCIQVVLAVHMGKDYTPEVHAAFDKFLSAVSAVLAEKYR,VKLSEDQEHYIKGVWKD--VDHKQITAKALERVFVVYPWTTRLFSKLQGLFSANDIGVQQHADKVQRALGEAIDDLKKVEINFQNLSGKHQE-IGVDTQNFKLLGQTFMVELALHYKKTFRPKEHAAAYKFFRLVAEALSSNYH,-MLTAEDKKLIQQAWEKAASHQEEFGAEALTRMFTTYPQTKTYFPHFDLSP--GSDQVRGHGKKVLGALGNAVKNVDNLSQAMAELSNLHAYNLRVDPVNFKLLSQCIQVVLAVHMGKDYTPEVHAAFDKFLSAVSAVLAEKYR,0,0,140,140
7,N_10_gi|4699570,N_5_gi|4699641,N_10_gi|4699570,N_5_gi|4699641,VKLSEDQEHYIKGVWKDVDHKQITAKALERVFVVYPWTTRLFSKLQGLFSANDIGVQQHADKVQRALGEAIDDLKKVEINFQNLSGKHQEIGVDTQNFKLLGQTFMVELALHYKKTFRPKEHAAAYKFFRLVAEALSSNYH,VHWTAEEKQLITGLWGKVNVAECGAEALARLLIVYPWTQRFFASFGNLSSPTAILGNPMVRAHGKKVLTSFGDAVKNLDNIKNTFSQLSELHCDKLHVDPENFRLLGDILIIVLAAHFSKDFTPECQAAWQKLVRVVAHALARKYH,VKLSEDQEHYIKGVWKDVDHKQITAKALERVFVVYPWTTRLFSKLQGLFS----ANDIGVQQHADKVQRALGEAIDDLKKVEINFQNLSGKHQE-IGVDTQNFKLLGQTFMVELALHYKKTFRPKEHAAAYKFFRLVAEALSSNYH,VHWTAEEKQLITGLWGKVNVAECGAEALARLLIVYPWTQRFFASFGNLSSPTAILGNPMVRAHGKKVLTSFGDAVKNLDNIKNTFSQLSELHCDKLHVDPENFRLLGDILIIVLAAHFSKDFTPECQAAWQKLVRVVAHALARKYH,0,0,140,145
8,N_10_gi|4699570,N_6_gi|231022,N_10_gi|4699570,N_6_gi|231022,VKLSEDQEHYIKGVWKDVDHKQITAKALERVFVVYPWTTRLFSKLQGLFSANDIGVQQHADKVQRALGEAIDDLKKVEINFQNLSGKHQEIGVDTQNFKLLGQTFMVELALHYKKTFRPKEHAAAYKFFRLVAEALSSNYH,VLSPADKTNVKAAWGKVGAHAGEYGAEALERMFLSFPTTKTYFPHFDLSHGSAQVKGHGKKVADALTNAVAHVDDMPNALSALSDLHAHKLRVDPVNFKLLSHCLLVTLAAHLPAEFTPAVHASLDKFLASVSTVLTSKYR,VKLSEDQEHYIKGVWKD--VDHKQITAKALERVFVVYPWTTRLFSKLQGLFSANDIGVQQHADKVQRALGEAIDDLKKVEINFQNLSGKHQE-IGVDTQNFKLLGQTFMVELALHYKKTFRPKEHAAAYKFFRLVAEALSSNYH,-VLSPADKTNVKAAWGKVGAHAGEYGAEALERMFLSFPTTKTYFPHFDLSH--GSAQVKGHGKKVADALTNAVAHVDDMPNALSALSDLHAHKLRVDPVNFKLLSHCLLVTLAAHLPAEFTPAVHASLDKFLASVSTVLTSKYR,0,0,140,140
9,N_10_gi|4699570,N_7_gi|231023,N_10_gi|4699570,N_7_gi|231023,VKLSEDQEHYIKGVWKDVDHKQITAKALERVFVVYPWTTRLFSKLQGLFSANDIGVQQHADKVQRALGEAIDDLKKVEINFQNLSGKHQEIGVDTQNFKLLGQTFMVELALHYKKTFRPKEHAAAYKFFRLVAEALSSNYH,VHLTPEEKSAVTALWGKVNVDEVGGEALGRLLVVYPWTQRFFESFGDLSTPDAVMGNPKVKAHGKKVLGAFSDGLAHLDNLKGTFATLSELHCDKLHVDPENFRLLGNVLVCVLAHHFGKEFTPPVQAAYQKVVAGVANALAHKYH,VKLSEDQEHYIKGVWKDVDHKQITAKALERVFVVYPWTTRLFSKLQGLFS----ANDIGVQQHADKVQRALGEAIDDLKKVEINFQNLSGKHQE-IGVDTQNFKLLGQTFMVELALHYKKTFRPKEHAAAYKFFRLVAEALSSNYH,VHLTPEEKSAVTALWGKVNVDEVGGEALGRLLVVYPWTQRFFESFGDLSTPDAVMGNPKVKAHGKKVLGAFSDGLAHLDNLKGTFATLSELHCDKLHVDPENFRLLGNVLVCVLAHHFGKEFTPPVQAAYQKVVAGVANALAHKYH,0,0,140,145
10,N_10_gi|4699570,N_8_gi|4699569,N_10_gi|4699570,N_8_gi|4699569,VKLSEDQEHYIKGVWKDVDHKQITAKALERVFVVYPWTTRLFSKLQGLFSANDIGVQQHADKVQRALGEAIDDLKKVEINFQNLSGKHQEIGVDTQNFKLLGQTFMVELALHYKKTFRPKEHAAAYKFFRLVAEALSSNYH,VLSSQNKKAIEELGNLIKANAEAWGADALARLFELHPQTKTYFSKFSGFEACNEQVKKHGKRVMNALADATHHLDNLHLHLEDLARKHGENLLVDPHNFHLFADCIVVTLAVNLQAFTPVTHCAVDKFLELVAYELSSCYR,VKLSEDQEHYIKGVWKD--VDHKQITAKALERVFVVYPWTTRLFSKLQGLFSANDIGVQQHADKVQRALGEAIDDLKKVEINFQNLSGKHQE-IGVDTQNFKLLGQTFMVELALHYKKTFRPKEHAAAYKFFRLVAEALSSNYH,-VLSSQNKKAIEELGNLIKANAEAWGADALARLFELHPQTKTYFSKFSGFEA-CNEQVKKHGKRVMNALADATHHLDNLHLHLEDLARKHGENLLVDPHNFHLFADCIVVTLAVNLQ-AFTPVTHCAVDKFLELVAYELSSCYR,0,0,140,140
11,N_10_gi|4699570,N_9_gi|320089813,N_10_gi|4699570,N_9_gi|320089813,VKLSEDQEHYIKGVWKDVDHKQITAKALERVFVVYPWTTRLFSKLQGLFSANDIGVQQHADKVQRALGEAIDDLKKVEINFQNLSGKHQEIGVDTQNFKLLGQTFMVELALHYKKTFRPKEHAAAYKFFRLVAEALSSNYH,AFTGVERSTIGAIAKILASTPEAYGAEALARLFATHPGAKSYFDYADYSAAGAKVQLHGGKVIRAVVSAAEHDDDLHAHLMVLAVTHGKKLLVDPSNFPMLSECILVTLATHLAEFSPATHCAVDKLLSAISSELSSKYR,VKLSEDQEHYIKGVWKD--VDHKQITAKALERVFVVYPWTTRLFSKLQGLFSANDIGVQQHADKVQRALGEAIDDLKKVEINFQNLSGKHQE-IGVDTQNFKLLGQTFMVELALHYKKTFRPKEHAAAYKFFRLVAEALSSNYH,-AFTGVERSTIGAIAKILASTPEAYGAEALARLFATHPGAKSYFDYADYSA--AGAKVQLHGGKVIRAVVSAAEHDDDLHAHLMVLAVTHGKKLLVDPSNFPMLSECILVTLATHLA-EFSPATHCAVDKLLSAISSELSSKYR,0,0,140,139
12,N_11_gi|229912,N_12_gi|56553726,N_11_gi|229912,N_12_gi|56553726,VLSPADKTNVKAAWGKVGAHAGEYGAEALERMFLSFPTTKTYFPHFDLSHGSAQVKGHGKKVADALTNAVAHVDDMPNALSALSDLHAHKLRVDPVNFKLLSHCLLVTLAAHLPAEFTPAVHASLDKFLASVSTVLTSKYR,VLSPADKTNVKAAWGKVGAHAGEYGAEALERMFLSFPTTKTYFPHFDLSHGSAQVKGHGKKVADALTNAVAHVDDMPNALSALSDLHAHKLRVDPVNFKLLSHCLLVTLAAHLPAEFTPAVHASLDKFLASVSTVLTSKYR,VLSPADKTNVKAAWGKVGAHAGEYGAEALERMFLSFPTTKTYFPHFDLSHGSAQVKGHGKKVADALTNAVAHVDDMPNALSALSDLHAHKLRVDPVNFKLLSHCLLVTLAAHLPAEFTPAVHASLDKFLASVSTVLTSKYR,VLSPADKTNVKAAWGKVGAHAGEYGAEALERMFLSFPTTKTYFPHFDLSHGSAQVKGHGKKVADALTNAVAHVDDMPNALSALSDLHAHKLRVDPVNFKLLSHCLLVTLAAHLPAEFTPAVHASLDKFLASVSTVLTSKYR,0,0,140,140
13,N_11_gi|229912,N_13_gi|56553727,N_11_gi|229912,N_13_gi|56553727,VLSPADKTNVKAAWGKVGAHAGEYGAEALERMFLSFPTTKTYFPHFDLSHGSAQVKGHGKKVADALTNAVAHVDDMPNALSALSDLHAHKLRVDPVNFKLLSHCLLVTLAAHLPAEFTPAVHASLDKFLASVSTVLTSKYR,VHLTPEEKTAVNALWGKVNVDAVGGEALGRLLVVYPWTQRFFESFGDLSSPDAVMGNPKVKAHGKKVLGAFSDGLAHLDNLKGTFSQLSELHCDKLHVDPENFRLLGNVLVCVLARNFGKEFTPQMQAAYQKVVAGVANALAHKYH,-VLSPADKTNVKAAWGKVGAHAGEYGAEALERMFLSFPTTKTYFPHFDLSH------GSAQVKGHGKKVADALTNAVAHVDDMPNALSALSDLHAHKLRVDPVNFKLLSHCLLVTLAAHLPAEFTPAVHASLDKFLASVSTVLTSKYR,VHLTPEEKTAVNALWGK--VNVDAVGGEALGRLLVVYPWTQRFFESFGDLSSPDAVMGNPKVKAHGKKVLGAFSDGLAHLDNLKGTFSQLSELHCDKLHVDPENFRLLGNVLVCVLARNFGKEFTPQMQAAYQKVVAGVANALAHKYH,0,0,140,145
14,N_11_gi|229912,N_1_gi|1942655,N_11_gi|229912,N_1_gi|1942655,VLSPADKTNVKAAWGKVGAHAGEYGAEALERMFLSFPTTKTYFPHFDLSHGSAQVKGHGKKVADALTNAVAHVDDMPNALSALSDLHAHKLRVDPVNFKLLSHCLLVTLAAHLPAEFTPAVHASLDKFLASVSTVLTSKYR,VEWTDAEKSTISAVWGKVNIDEIGPLALARVLIVYPWTQRYFGSFGNVSTPAAIMGNPKVAAHGKVVCGALDKAVKNMGNILATYKSLSETHANKLFVDPDNFRVLADVLTIVIAAKFGASFTPEIQATWQKFMKVVVAAMGSRYF,-VLSPADKTNVKAAWGKVGAHAGEYGAEALERMFLSFPTTKTYFPHFDLSH------GSAQVKGHGKKVADALTNAVAHVDDMPNALSALSDLHAHKLRVDPVNFKLLSHCLLVTLAAHLPAEFTPAVHASLDKFLASVSTVLTSKYR,VEWTDAEKSTISAVWGK--VNIDEIGPLALARVLIVYPWTQRYFGSFGNVSTPAAIMGNPKVAAHGKVVCGALDKAVKNMGNILATYKSLSETHANKLFVDPDNFRVLADVLTIVIAAKFGASFTPEIQATWQKFMKVVVAAMGSRYF,0,0,140,145
15,N_11_gi|229912,N_2_gi|10120557,N_11_gi|229912,N_2_gi|10120557,VLSPADKTNVKAAWGKVGAHAGEYGAEALERMFLSFPTTKTYFPHFDLSHGSAQVKGHGKKVADALTNAVAHVDDMPNALSALSDLHAHKLRVDPVNFKLLSHCLLVTLAAHLPAEFTPAVHASLDKFLASVSTVLTSKYR,AFTACEKQTIGKIAQVLAKSPEAYGAECLARLFVTHPGSKSYFEYKDYSAAGAKVQVHGGKVIRAVVKAAEHVDDLHSHLETLALTHGKKLLVDPQNFPMLSECIIVTLATHLTEFSPDTHCAVDKLLSAICQELSSRYR,VLSPADKTNVKAAWGKVGAHAGEYGAEALERMFLSFPTTKTYFPHFDLSHGSAQVKGHGKKVADALTNAVAHVDDMPNALSALSDLHAHKLRVDPVNFKLLSHCLLVTLAAHLPAEFTPAVHASLDKFLASVSTVLTSKYR,AFTACEKQTIGKIAQVLAKSPEAYGAECLARLFVTHPGSKSYFEYKDYSAAGAKVQVHGGKVIRAVVKAAEHVDDLHSHLETLALTHGKKLLVDPQNFPMLSECIIVTLATHLT-EFSPDTHCAVDKLLSAICQELSSRYR,0,0,140,139
16,N_11_gi|229912,N_3_gi|10120558,N_11_gi|229912,N_3_gi|10120558,VLSPADKTNVKAAWGKVGAHAGEYGAEALERMFLSFPTTKTYFPHFDLSHGSAQVKGHGKKVADALTNAVAHVDDMPNALSALSDLHAHKLRVDPVNFKLLSHCLLVTLAAHLPAEFTPAVHASLDKFLASVSTVLTSKYR,VHWTQEERDEISKTFQGTDMKTVVTQALDRMFKVYPWTNRYFQKRTDFRSSIHAGIVVGALQDAVKHMDDVKTLFKDLSKKHADDLHVDPGSFHLLTDCIIVELAYLRKDCFTPHIQGIWDKFFEVVIDAISKQY,-VLSPADKTNVKAAWGKVGAHAGEYGAEALERMFLSFPTTKTYFPHFDLSHGSAQVKGHGKKVADALTNAVAHVDDMPNALSALSDLHAHKLRVDPVNFKLLSHCLLVTLAAHLPAEFTPAVHASLDKFLASVSTVLTSKYR,VHWTQEERDEISKTFQG--TDMKTVVTQALDRMFKVYPWTNRYFQKRTD----FRSSIHAGIVVGALQDAVKHMDDVKTLFKDLSKKHADDLHVDPGSFHLLTDCIIVELAYLRKDCFTPHIQGIWDKFFEVVIDAISKQY-,0,0,140,134
17,N_11_gi|229912,N_4_gi|4699640,N_11_gi|229912,N_4_gi|4699640,VLSPADKTNVKAAWGKVGAHAGEYGAEALERMFLSFPTTKTYFPHFDLSHGSAQVKGHGKKVADALTNAVAHVDDMPNALSALSDLHAHKLRVDPVNFKLLSHCLLVTLAAHLPAEFTPAVHASLDKFLASVSTVLTSKYR,MLTAEDKKLIQQAWEKAASHQEEFGAEALTRMFTTYPQTKTYFPHFDLSPGSDQVRGHGKKVLGALGNAVKNVDNLSQAMAELSNLHAYNLRVDPVNFKLLSQCIQVVLAVHMGKDYTPEVHAAFDKFLSAVSAVLAEKYR,VLSPADKTNVKAAWGKVGAHAGEYGAEALERMFLSFPTTKTYFPHFDLSHGSAQVKGHGKKVADALTNAVAHVDDMPNALSALSDLHAHKLRVDPVNFKLLSHCLLVTLAAHLPAEFTPAVHASLDKFLASVSTVLTSKYR,MLTAEDKKLIQQAWEKAASHQEEFGAEALTRMFTTYPQTKTYFPHFDLSPGSDQVRGHGKKVLGALGNAVKNVDNLSQAMAELSNLHAYNLRVDPVNFKLLSQCIQVVLAVHMGKDYTPEVHAAFDKFLSAVSAVLAEKYR,0,0,140,140
18,N_11_gi|229912,N_5_gi|4699641,N_11_gi|229912,N_5_gi|4699641,VLSPADKTNVKAAWGKVGAHAGEYGAEALERMFLSFPTTKTYFPHFDLSHGSAQVKGHGKKVADALTNAVAHVDDMPNALSALSDLHAHKLRVDPVNFKLLSHCLLVTLAAHLPAEFTPAVHASLDKFLASVSTVLTSKYR,VHWTAEEKQLITGLWGKVNVAECGAEALARLLIVYPWTQRFFASFGNLSSPTAILGNPMVRAHGKKVLTSFGDAVKNLDNIKNTFSQLSELHCDKLHVDPENFRLLGDILIIVLAAHFSKDFTPECQAAWQKLVRVVAHALARKYH,-VLSPADKTNVKAAWGKVGAHAGEYGAEALERMFLSFPTTKTYFPHFDLSH------GSAQVKGHGKKVADALTNAVAHVDDMPNALSALSDLHAHKLRVDPVNFKLLSHCLLVTLAAHLPAEFTPAVHASLDKFLASVSTVLTSKYR,VHWTAEEKQLITGLWGK--VNVAECGAEALARLLIVYPWTQRFFASFGNLSSPTAILGNPMVRAHGKKVLTSFGDAVKNLDNIKNTFSQLSELHCDKLHVDPENFRLLGDILIIVLAAHFSKDFTPECQAAWQKLVRVVAHALARKYH,0,0,140,145
19,N_11_gi|229912,N_6_gi|231022,N_11_gi|229912,N_6_gi|231022,VLSPADKTNVKAAWGKVGAHAGEYGAEALERMFLSFPTTKTYFPHFDLSHGSAQVKGHGKKVADALTNAVAHVDDMPNALSALSDLHAHKLRVDPVNFKLLSHCLLVTLAAHLPAEFTPAVHASLDKFLASVSTVLTSKYR,VLSPADKTNVKAAWGKVGAHAGEYGAEALERMFLSFPTTKTYFPHFDLSHGSAQVKGHGKKVADALTNAVAHVDDMPNALSALSDLHAHKLRVDPVNFKLLSHCLLVTLAAHLPAEFTPAVHASLDKFLASVSTVLTSKYR,VLSPADKTNVKAAWGKVGAHAGEYGAEALERMFLSFPTTKTYFPHFDLSHGSAQVKGHGKKVADALTNAVAHVDDMPNALSALSDLHAHKLRVDPVNFKLLSHCLLVTLAAHLPAEFTPAVHASLDKFLASVSTVLTSKYR,VLSPADKTNVKAAWGKVGAHAGEYGAEALERMFLSFPTTKTYFPHFDLSHGSAQVKGHGKKVADALTNAVAHVDDMPNALSALSDLHAHKLRVDPVNFKLLSHCLLVTLAAHLPAEFTPAVHASLDKFLASVSTVLTSKYR,0,0,140,140
20,N_11_gi|229912,N_7_gi|231023,N_11_gi|229912,N_7_gi|231023,VLSPADKTNVKAAWGKVGAHAGEYGAEALERMFLSFPTTKTYFPHFDLSHGSAQVKGHGKKVADALTNAVAHVDDMPNALSALSDLHAHKLRVDPVNFKLLSHCLLVTLAAHLPAEFTPAVHASLDKFLASVSTVLTSKYR,VHLTPEEKSAVTALWGKVNVDEVGGEALGRLLVVYPWTQRFFESFGDLSTPDAVMGNPKVKAHGKKVLGAFSDGLAHLDNLKGTFATLSELHCDKLHVDPENFRLLGNVLVCVLAHHFGKEFTPPVQAAYQKVVAGVANALAHKYH,-VLSPADKTNVKAAWGKVGAHAGEYGAEALERMFLSFPTTKTYFPHFDLSH------GSAQVKGHGKKVADALTNAVAHVDDMPNALSALSDLHAHKLRVDPVNFKLLSHCLLVTLAAHLPAEFTPAVHASLDKFLASVSTVLTSKYR,VHLTPEEKSAVTALWGK--VNVDEVGGEALGRLLVVYPWTQRFFESFGDLSTPDAVMGNPKVKAHGKKVLGAFSDGLAHLDNLKGTFATLSELHCDKLHVDPENFRLLGNVLVCVLAHHFGKEFTPPVQAAYQKVVAGVANALAHKYH,0,0,140,145
21,N_11_gi|229912,N_8_gi|4699569,N_11_gi|229912,N_8_gi|4699569,VLSPADKTNVKAAWGKVGAHAGEYGAEALERMFLSFPTTKTYFPHFDLSHGSAQVKGHGKKVADALTNAVAHVDDMPNALSALSDLHAHKLRVDPVNFKLLSHCLLVTLAAHLPAEFTPAVHASLDKFLASVSTVLTSKYR,VLSSQNKKAIEELGNLIKANAEAWGADALARLFELHPQTKTYFSKFSGFEACNEQVKKHGKRVMNALADATHHLDNLHLHLEDLARKHGENLLVDPHNFHLFADCIVVTLAVNLQAFTPVTHCAVDKFLELVAYELSSCYR,VLSPADKTNVKAAWGKVGAHAGEYGAEALERMFLSFPTTKTYFPHFDLSH-GSAQVKGHGKKVADALTNAVAHVDDMPNALSALSDLHAHKLRVDPVNFKLLSHCLLVTLAAHLPAEFTPAVHASLDKFLASVSTVLTSKYR,VLSSQNKKAIEELGNLIKANAEAWGADALARLFELHPQTKTYFSKFSGFEACNEQVKKHGKRVMNALADATHHLDNLHLHLEDLARKHGENLLVDPHNFHLFADCIVVTLAVNLQ-AFTPVTHCAVDKFLELVAYELSSCYR,0,0,140,140
22,N_11_gi|229912,N_9_gi|320089813,N_11_gi|229912,N_9_gi|320089813,VLSPADKTNVKAAWGKVGAHAGEYGAEALERMFLSFPTTKTYFPHFDLSHGSAQVKGHGKKVADALTNAVAHVDDMPNALSALSDLHAHKLRVDPVNFKLLSHCLLVTLAAHLPAEFTPAVHASLDKFLASVSTVLTSKYR,AFTGVERSTIGAIAKILASTPEAYGAEALARLFATHPGAKSYFDYADYSAAGAKVQLHGGKVIRAVVSAAEHDDDLHAHLMVLAVTHGKKLLVDPSNFPMLSECILVTLATHLAEFSPATHCAVDKLLSAISSELSSKYR,VLSPADKTNVKAAWGKVGAHAGEYGAEALERMFLSFPTTKTYFPHFDLSHGSAQVKGHGKKVADALTNAVAHVDDMPNALSALSDLHAHKLRVDPVNFKLLSHCLLVTLAAHLPAEFTPAVHASLDKFLASVSTVLTSKYR,AFTGVERSTIGAIAKILASTPEAYGAEALARLFATHPGAKSYFDYADYSAAGAKVQLHGGKVIRAVVSAAEHDDDLHAHLMVLAVTHGKKLLVDPSNFPMLSECILVTLATHLA-EFSPATHCAVDKLLSAISSELSSKYR,0,0,140,139
23,N_12_gi|56553726,N_13_gi|56553727,N_12_gi|56553726,N_13_gi|56553727,VLSPADKTNVKAAWGKVGAHAGEYGAEALERMFLSFPTTKTYFPHFDLSHGSAQVKGHGKKVADALTNAVAHVDDMPNALSALSDLHAHKLRVDPVNFKLLSHCLLVTLAAHLPAEFTPAVHASLDKFLASVSTVLTSKYR,VHLTPEEKTAVNALWGKVNVDAVGGEALGRLLVVYPWTQRFFESFGDLSSPDAVMGNPKVKAHGKKVLGAFSDGLAHLDNLKGTFSQLSELHCDKLHVDPENFRLLGNVLVCVLARNFGKEFTPQMQAAYQKVVAGVANALAHKYH,-VLSPADKTNVKAAWGKVGAHAGEYGAEALERMFLSFPTTKTYFPHFDLSH------GSAQVKGHGKKVADALTNAVAHVDDMPNALSALSDLHAHKLRVDPVNFKLLSHCLLVTLAAHLPAEFTPAVHASLDKFLASVSTVLTSKYR,VHLTPEEKTAVNALWGK--VNVDAVGGEALGRLLVVYPWTQRFFESFGDLSSPDAVMGNPKVKAHGKKVLGAFSDGLAHLDNLKGTFSQLSELHCDKLHVDPENFRLLGNVLVCVLARNFGKEFTPQMQAAYQKVVAGVANALAHKYH,0,0,140,145
24,N_12_gi|56553726,N_1_gi|1942655,N_12_gi|56553726,N_1_gi|1942655,VLSPADKTNVKAAWGKVGAHAGEYGAEALERMFLSFPTTKTYFPHFDLSHGSAQVKGHGKKVADALTNAVAHVDDMPNALSALSDLHAHKLRVDPVNFKLLSHCLLVTLAAHLPAEFTPAVHASLDKFLASVSTVLTSKYR,VEWTDAEKSTISAVWGKVNIDEIGPLALARVLIVYPWTQRYFGSFGNVSTPAAIMGNPKVAAHGKVVCGALDKAVKNMGNILATYKSLSETHANKLFVDPDNFRVLADVLTIVIAAKFGASFTPEIQATWQKFMKVVVAAMGSRYF,-VLSPADKTNVKAAWGKVGAHAGEYGAEALERMFLSFPTTKTYFPHFDLSH------GSAQVKGHGKKVADALTNAVAHVDDMPNALSALSDLHAHKLRVDPVNFKLLSHCLLVTLAAHLPAEFTPAVHASLDKFLASVSTVLTSKYR,VEWTDAEKSTISAVWGK--VNIDEIGPLALARVLIVYPWTQRYFGSFGNVSTPAAIMGNPKVAAHGKVVCGALDKAVKNMGNILATYKSLSETHANKLFVDPDNFRVLADVLTIVIAAKFGASFTPEIQATWQKFMKVVVAAMGSRYF,0,0,140,145
25,N_12_gi|56553726,N_2_gi|10120557,N_12_gi|56553726,N_2_gi|10120557,VLSPADKTNVKAAWGKVGAHAGEYGAEALERMFLSFPTTKTYFPHFDLSHGSAQVKGHGKKVADALTNAVAHVDDMPNALSALSDLHAHKLRVDPVNFKLLSHCLLVTLAAHLPAEFTPAVHASLDKFLASVSTVLTSKYR,AFTACEKQTIGKIAQVLAKSPEAYGAECLARLFVTHPGSKSYFEYKDYSAAGAKVQVHGGKVIRAVVKAAEHVDDLHSHLETLALTHGKKLLVDPQNFPMLSECIIVTLATHLTEFSPDTHCAVDKLLSAICQELSSRYR,VLSPADKTNVKAAWGKVGAHAGEYGAEALERMFLSFPTTKTYFPHFDLSHGSAQVKGHGKKVADALTNAVAHVDDMPNALSALSDLHAHKLRVDPVNFKLLSHCLLVTLAAHLPAEFTPAVHASLDKFLASVSTVLTSKYR,AFTACEKQTIGKIAQVLAKSPEAYGAECLARLFVTHPGSKSYFEYKDYSAAGAKVQVHGGKVIRAVVKAAEHVDDLHSHLETLALTHGKKLLVDPQNFPMLSECIIVTLATHLT-EFSPDTHCAVDKLLSAICQELSSRYR,0,0,140,139
26,N_12_gi|56553726,N_3_gi|10120558,N_12_gi|56553726,N_3_gi|10120558,VLSPADKTNVKAAWGKVGAHAGEYGAEALERMFLSFPTTKTYFPHFDLSHGSAQVKGHGKKVADALTNAVAHVDDMPNALSALSDLHAHKLRVDPVNFKLLSHCLLVTLAAHLPAEFTPAVHASLDKFLASVSTVLTSKYR,VHWTQEERDEISKTFQGTDMKTVVTQALDRMFKVYPWTNRYFQKRTDFRSSIHAGIVVGALQDAVKHMDDVKTLFKDLSKKHADDLHVDPGSFHLLTDCIIVELAYLRKDCFTPHIQGIWDKFFEVVIDAISKQY,-VLSPADKTNVKAAWGKVGAHAGEYGAEALERMFLSFPTTKTYFPHFDLSHGSAQVKGHGKKVADALTNAVAHVDDMPNALSALSDLHAHKLRVDPVNFKLLSHCLLVTLAAHLPAEFTPAVHASLDKFLASVSTVLTSKYR,VHWTQEERDEISKTFQG--TDMKTVVTQALDRMFKVYPWTNRYFQKRTD----FRSSIHAGIVVGALQDAVKHMDDVKTLFKDLSKKHADDLHVDPGSFHLLTDCIIVELAYLRKDCFTPHIQGIWDKFFEVVIDAISKQY-,0,0,140,134
27,N_12_gi|56553726,N_4_gi|4699640,N_12_gi|56553726,N_4_gi|4699640,VLSPADKTNVKAAWGKVGAHAGEYGAEALERMFLSFPTTKTYFPHFDLSHGSAQVKGHGKKVADALTNAVAHVDDMPNALSALSDLHAHKLRVDPVNFKLLSHCLLVTLAAHLPAEFTPAVHASLDKFLASVSTVLTSKYR,MLTAEDKKLIQQAWEKAASHQEEFGAEALTRMFTTYPQTKTYFPHFDLSPGSDQVRGHGKKVLGALGNAVKNVDNLSQAMAELSNLHAYNLRVDPVNFKLLSQCIQVVLAVHMGKDYTPEVHAAFDKFLSAVSAVLAEKYR,VLSPADKTNVKAAWGKVGAHAGEYGAEALERMFLSFPTTKTYFPHFDLSHGSAQVKGHGKKVADALTNAVAHVDDMPNALSALSDLHAHKLRVDPVNFKLLSHCLLVTLAAHLPAEFTPAVHASLDKFLASVSTVLTSKYR,MLTAEDKKLIQQAWEKAASHQEEFGAEALTRMFTTYPQTKTYFPHFDLSPGSDQVRGHGKKVLGALGNAVKNVDNLSQAMAELSNLHAYNLRVDPVNFKLLSQCIQVVLAVHMGKDYTPEVHAAFDKFLSAVSAVLAEKYR,0,0,140,140
28,N_12_gi|56553726,N_5_gi|4699641,N_12_gi|56553726,N_5_gi|4699641,VLSPADKTNVKAAWGKVGAHAGEYGAEALERMFLSFPTTKTYFPHFDLSHGSAQVKGHGKKVADALTNAVAHVDDMPNALSALSDLHAHKLRVDPVNFKLLSHCLLVTLAAHLPAEFTPAVHASLDKFLASVSTVLTSKYR,VHWTAEEKQLITGLWGKVNVAECGAEALARLLIVYPWTQRFFASFGNLSSPTAILGNPMVRAHGKKVLTSFGDAVKNLDNIKNTFSQLSELHCDKLHVDPENFRLLGDILIIVLAAHFSKDFTPECQAAWQKLVRVVAHALARKYH,-VLSPADKTNVKAAWGKVGAHAGEYGAEALERMFLSFPTTKTYFPHFDLSH------GSAQVKGHGKKVADALTNAVAHVDDMPNALSALSDLHAHKLRVDPVNFKLLSHCLLVTLAAHLPAEFTPAVHASLDKFLASVSTVLTSKYR,VHWTAEEKQLITGLWGK--VNVAECGAEALARLLIVYPWTQRFFASFGNLSSPTAILGNPMVRAHGKKVLTSFGDAVKNLDNIKNTFSQLSELHCDKLHVDPENFRLLGDILIIVLAAHFSKDFTPECQAAWQKLVRVVAHALARKYH,0,0,140,145
29,N_12_gi|56553726,N_6_gi|231022,N_12_gi|56553726,N_6_gi|231022,VLSPADKTNVKAAWGKVGAHAGEYGAEALERMFLSFPTTKTYFPHFDLSHGSAQVKGHGKKVADALTNAVAHVDDMPNALSALSDLHAHKLRVDPVNFKLLSHCLLVTLAAHLPAEFTPAVHASLDKFLASVSTVLTSKYR,VLSPADKTNVKAAWGKVGAHAGEYGAEALERMFLSFPTTKTYFPHFDLSHGSAQVKGHGKKVADALTNAVAHVDDMPNALSALSDLHAHKLRVDPVNFKLLSHCLLVTLAAHLPAEFTPAVHASLDKFLASVSTVLTSKYR,VLSPADKTNVKAAWGKVGAHAGEYGAEALERMFLSFPTTKTYFPHFDLSHGSAQVKGHGKKVADALTNAVAHVDDMPNALSALSDLHAHKLRVDPVNFKLLSHCLLVTLAAHLPAEFTPAVHASLDKFLASVSTVLTSKYR,VLSPADKTNVKAAWGKVGAHAGEYGAEALERMFLSFPTTKTYFPHFDLSHGSAQVKGHGKKVADALTNAVAHVDDMPNALSALSDLHAHKLRVDPVNFKLLSHCLLVTLAAHLPAEFTPAVHASLDKFLASVSTVLTSKYR,0,0,140,140
30,N_12_gi|56553726,N_7_gi|231023,N_12_gi|56553726,N_7_gi|231023,VLSPADKTNVKAAWGKVGAHAGEYGAEALERMFLSFPTTKTYFPHFDLSHGSAQVKGHGKKVADALTNAVAHVDDMPNALSALSDLHAHKLRVDPVNFKLLSHCLLVTLAAHLPAEFTPAVHASLDKFLASVSTVLTSKYR,VHLTPEEKSAVTALWGKVNVDEVGGEALGRLLVVYPWTQRFFESFGDLSTPDAVMGNPKVKAHGKKVLGAFSDGLAHLDNLKGTFATLSELHCDKLHVDPENFRLLGNVLVCVLAHHFGKEFTPPVQAAYQKVVAGVANALAHKYH,-VLSPADKTNVKAAWGKVGAHAGEYGAEALERMFLSFPTTKTYFPHFDLSH------GSAQVKGHGKKVADALTNAVAHVDDMPNALSALSDLHAHKLRVDPVNFKLLSHCLLVTLAAHLPAEFTPAVHASLDKFLASVSTVLTSKYR,VHLTPEEKSAVTALWGK--VNVDEVGGEALGRLLVVYPWTQRFFESFGDLSTPDAVMGNPKVKAHGKKVLGAFSDGLAHLDNLKGTFATLSELHCDKLHVDPENFRLLGNVLVCVLAHHFGKEFTPPVQAAYQKVVAGVANALAHKYH,0,0,140,145
31,N_12_gi|56553726,N_8_gi|4699569,N_12_gi|56553726,N_8_gi|4699569,VLSPADKTNVKAAWGKVGAHAGEYGAEALERMFLSFPTTKTYFPHFDLSHGSAQVKGHGKKVADALTNAVAHVDDMPNALSALSDLHAHKLRVDPVNFKLLSHCLLVTLAAHLPAEFTPAVHASLDKFLASVSTVLTSKYR,VLSSQNKKAIEELGNLIKANAEAWGADALARLFELHPQTKTYFSKFSGFEACNEQVKKHGKRVMNALADATHHLDNLHLHLEDLARKHGENLLVDPHNFHLFADCIVVTLAVNLQAFTPVTHCAVDKFLELVAYELSSCYR,VLSPADKTNVKAAWGKVGAHAGEYGAEALERMFLSFPTTKTYFPHFDLSH-GSAQVKGHGKKVADALTNAVAHVDDMPNALSALSDLHAHKLRVDPVNFKLLSHCLLVTLAAHLPAEFTPAVHASLDKFLASVSTVLTSKYR,VLSSQNKKAIEELGNLIKANAEAWGADALARLFELHPQTKTYFSKFSGFEACNEQVKKHGKRVMNALADATHHLDNLHLHLEDLARKHGENLLVDPHNFHLFADCIVVTLAVNLQ-AFTPVTHCAVDKFLELVAYELSSCYR,0,0,140,140
32,N_12_gi|56553726,N_9_gi|320089813,N_12_gi|56553726,N_9_gi|320089813,VLSPADKTNVKAAWGKVGAHAGEYGAEALERMFLSFPTTKTYFPHFDLSHGSAQVKGHGKKVADALTNAVAHVDDMPNALSALSDLHAHKLRVDPVNFKLLSHCLLVTLAAHLPAEFTPAVHASLDKFLASVSTVLTSKYR,AFTGVERSTIGAIAKILASTPEAYGAEALARLFATHPGAKSYFDYADYSAAGAKVQLHGGKVIRAVVSAAEHDDDLHAHLMVLAVTHGKKLLVDPSNFPMLSECILVTLATHLAEFSPATHCAVDKLLSAISSELSSKYR,VLSPADKTNVKAAWGKVGAHAGEYGAEALERMFLSFPTTKTYFPHFDLSHGSAQVKGHGKKVADALTNAVAHVDDMPNALSALSDLHAHKLRVDPVNFKLLSHCLLVTLAAHLPAEFTPAVHASLDKFLASVSTVLTSKYR,AFTGVERSTIGAIAKILASTPEAYGAEALARLFATHPGAKSYFDYADYSAAGAKVQLHGGKVIRAVVSAAEHDDDLHAHLMVLAVTHGKKLLVDPSNFPMLSECILVTLATHLA-EFSPATHCAVDKLLSAISSELSSKYR,0,0,140,139
33,N_13_gi|56553727,N_1_gi|1942655,N_13_gi|56553727,N_1_gi|1942655,VHLTPEEKTAVNALWGKVNVDAVGGEALGRLLVVYPWTQRFFESFGDLSSPDAVMGNPKVKAHGKKVLGAFSDGLAHLDNLKGTFSQLSELHCDKLHVDPENFRLLGNVLVCVLARNFGKEFTPQMQAAYQKVVAGVANALAHKYH,VEWTDAEKSTISAVWGKVNIDEIGPLALARVLIVYPWTQRYFGSFGNVSTPAAIMGNPKVAAHGKVVCGALDKAVKNMGNILATYKSLSETHANKLFVDPDNFRVLADVLTIVIAAKFGASFTPEIQATWQKFMKVVVAAMGSRYF,VHLTPEEKTAVNALWGKVNVDAVGGEALGRLLVVYPWTQRFFESFGDLSSPDAVMGNPKVKAHGKKVLGAFSDGLAHLDNLKGTFSQLSELHCDKLHVDPENFRLLGNVLVCVLARNFGKEFTPQMQAAYQKVVAGVANALAHKYH,VEWTDAEKSTISAVWGKVNIDEIGPLALARVLIVYPWTQRYFGSFGNVSTPAAIMGNPKVAAHGKVVCGALDKAVKNMGNILATYKSLSETHANKLFVDPDNFRVLADVLTIVIAAKFGASFTPEIQATWQKFMKVVVAAMGSRYF,0,0,145,145
34,N_13_gi|56553727,N_2_gi|10120557,N_13_gi|56553727,N_2_gi|10120557,VHLTPEEKTAVNALWGKVNVDAVGGEALGRLLVVYPWTQRFFESFGDLSSPDAVMGNPKVKAHGKKVLGAFSDGLAHLDNLKGTFSQLSELHCDKLHVDPENFRLLGNVLVCVLARNFGKEFTPQMQAAYQKVVAGVANALAHKYH,AFTACEKQTIGKIAQVLAKSPEAYGAECLARLFVTHPGSKSYFEYKDYSAAGAKVQVHGGKVIRAVVKAAEHVDDLHSHLETLALTHGKKLLVDPQNFPMLSECIIVTLATHLTEFSPDTHCAVDKLLSAICQELSSRYR,VHLTPEEKTAVNALWGK--VNVDAVGGEALGRLLVVYPWTQRFFESFGDLSSPDAVMGNPKVKAHGKKVLGAFSDGLAHLDNLKGTFSQLSELHCDKLHVDPENFRLLGNVLVCVLARNFGKEFTPQMQAAYQKVVAGVANALAHKYH,-AFTACEKQTIGKIAQVLAKSPEAYGAECLARLFVTHPGSKSYFEYKDYSA------AGAKVQVHGGKVIRAVVKAAEHVDDLHSHLETLALTHGKKLLVDPQNFPMLSECIIVTLATHLT-EFSPDTHCAVDKLLSAICQELSSRYR,0,0,145,139
35,N_13_gi|56553727,N_3_gi|10120558,N_13_gi|56553727,N_3_gi|10120558,VHLTPEEKTAVNALWGKVNVDAVGGEALGRLLVVYPWTQRFFESFGDLSSPDAVMGNPKVKAHGKKVLGAFSDGLAHLDNLKGTFSQLSELHCDKLHVDPENFRLLGNVLVCVLARNFGKEFTPQMQAAYQKVVAGVANALAHKYH,VHWTQEERDEISKTFQGTDMKTVVTQALDRMFKVYPWTNRYFQKRTDFRSSIHAGIVVGALQDAVKHMDDVKTLFKDLSKKHADDLHVDPGSFHLLTDCIIVELAYLRKDCFTPHIQGIWDKFFEVVIDAISKQY,VHLTPEEKTAVNALWGKVNVDAVGGEALGRLLVVYPWTQRFFESFGDLSSPDAVMGNPKVKAHGKKVLGAFSDGLAHLDNLKGTFSQLSELHCDKLHVDPENFRLLGNVLVCVLARNFGKEFTPQMQAAYQKVVAGVANALAHKYH,VHWTQEERDEISKTFQGTDMKTVVTQALDRMFKVYPWTNRYFQKRTD----------FRSSIHAGIVVGALQDAVKHMDDVKTLFKDLSKKHADDLHVDPGSFHLLTDCIIVELAYLRKDCFTPHIQGIWDKFFEVVIDAISKQY-,0,0,145,134
36,N_13_gi|56553727,N_4_gi|4699640,N_13_gi|56553727,N_4_gi|4699640,VHLTPEEKTAVNALWGKVNVDAVGGEALGRLLVVYPWTQRFFESFGDLSSPDAVMGNPKVKAHGKKVLGAFSDGLAHLDNLKGTFSQLSELHCDKLHVDPENFRLLGNVLVCVLARNFGKEFTPQMQAAYQKVVAGVANALAHKYH,MLTAEDKKLIQQAWEKAASHQEEFGAEALTRMFTTYPQTKTYFPHFDLSPGSDQVRGHGKKVLGALGNAVKNVDNLSQAMAELSNLHAYNLRVDPVNFKLLSQCIQVVLAVHMGKDYTPEVHAAFDKFLSAVSAVLAEKYR,VHLTPEEKTAVNALWGK--VNVDAVGGEALGRLLVVYPWTQRFFESFGDLSSPDAVMGNPKVKAHGKKVLGAFSDGLAHLDNLKGTFSQLSELHCDKLHVDPENFRLLGNVLVCVLARNFGKEFTPQMQAAYQKVVAGVANALAHKYH,-MLTAEDKKLIQQAWEKAASHQEEFGAEALTRMFTTYPQTKTYFPHFDLSP------GSDQVRGHGKKVLGALGNAVKNVDNLSQAMAELSNLHAYNLRVDPVNFKLLSQCIQVVLAVHMGKDYTPEVHAAFDKFLSAVSAVLAEKYR,0,0,145,140
37,N_13_gi|56553727,N_5_gi|4699641,N_13_gi|56553727,N_5_gi|4699641,VHLTPEEKTAVNALWGKVNVDAVGGEALGRLLVVYPWTQRFFESFGDLSSPDAVMGNPKVKAHGKKVLGAFSDGLAHLDNLKGTFSQLSELHCDKLHVDPENFRLLGNVLVCVLARNFGKEFTPQMQAAYQKVVAGVANALAHKYH,VHWTAEEKQLITGLWGKVNVAECGAEALARLLIVYPWTQRFFASFGNLSSPTAILGNPMVRAHGKKVLTSFGDAVKNLDNIKNTFSQLSELHCDKLHVDPENFRLLGDILIIVLAAHFSKDFTPECQAAWQKLVRVVAHALARKYH,VHLTPEEKTAVNALWGKVNVDAVGGEALGRLLVVYPWTQRFFESFGDLSSPDAVMGNPKVKAHGKKVLGAFSDGLAHLDNLKGTFSQLSELHCDKLHVDPENFRLLGNVLVCVLARNFGKEFTPQMQAAYQKVVAGVANALAHKYH,VHWTAEEKQLITGLWGKVNVAECGAEALARLLIVYPWTQRFFASFGNLSSPTAILGNPMVRAHGKKVLTSFGDAVKNLDNIKNTFSQLSELHCDKLHVDPENFRLLGDILIIVLAAHFSKDFTPECQAAWQKLVRVVAHALARKYH,0,0,145,145
38,N_13_gi|56553727,N_6_gi|231022,N_13_gi|56553727,N_6_gi|231022,VHLTPEEKTAVNALWGKVNVDAVGGEALGRLLVVYPWTQRFFESFGDLSSPDAVMGNPKVKAHGKKVLGAFSDGLAHLDNLKGTFSQLSELHCDKLHVDPENFRLLGNVLVCVLARNFGKEFTPQMQAAYQKVVAGVANALAHKYH,VLSPADKTNVKAAWGKVGAHAGEYGAEALERMFLSFPTTKTYFPHFDLSHGSAQVKGHGKKVADALTNAVAHVDDMPNALSALSDLHAHKLRVDPVNFKLLSHCLLVTLAAHLPAEFTPAVHASLDKFLASVSTVLTSKYR,VHLTPEEKTAVNALWGK--VNVDAVGGEALGRLLVVYPWTQRFFESFGDLSSPDAVMGNPKVKAHGKKVLGAFSDGLAHLDNLKGTFSQLSELHCDKLHVDPENFRLLGNVLVCVLARNFGKEFTPQMQAAYQKVVAGVANALAHKYH,-VLSPADKTNVKAAWGKVGAHAGEYGAEALERMFLSFPTTKTYFPHFDLSH------GSAQVKGHGKKVADALTNAVAHVDDMPNALSALSDLHAHKLRVDPVNFKLLSHCLLVTLAAHLPAEFTPAVHASLDKFLASVSTVLTSKYR,0,0,145,140
39,N_13_gi|56553727,N_7_gi|231023,N_13_gi|56553727,N_7_gi|231023,VHLTPEEKTAVNALWGKVNVDAVGGEALGRLLVVYPWTQRFFESFGDLSSPDAVMGNPKVKAHGKKVLGAFSDGLAHLDNLKGTFSQLSELHCDKLHVDPENFRLLGNVLVCVLARNFGKEFTPQMQAAYQKVVAGVANALAHKYH,VHLTPEEKSAVTALWGKVNVDEVGGEALGRLLVVYPWTQRFFESFGDLSTPDAVMGNPKVKAHGKKVLGAFSDGLAHLDNLKGTFATLSELHCDKLHVDPENFRLLGNVLVCVLAHHFGKEFTPPVQAAYQKVVAGVANALAHKYH,VHLTPEEKTAVNALWGKVNVDAVGGEALGRLLVVYPWTQRFFESFGDLSSPDAVMGNPKVKAHGKKVLGAFSDGLAHLDNLKGTFSQLSELHCDKLHVDPENFRLLGNVLVCVLARNFGKEFTPQMQAAYQKVVAGVANALAHKYH,VHLTPEEKSAVTALWGKVNVDEVGGEALGRLLVVYPWTQRFFESFGDLSTPDAVMGNPKVKAHGKKVLGAFSDGLAHLDNLKGTFATLSELHCDKLHVDPENFRLLGNVLVCVLAHHFGKEFTPPVQAAYQKVVAGVANALAHKYH,0,0,145,145
40,N_13_gi|56553727,N_8_gi|4699569,N_13_gi|56553727,N_8_gi|4699569,VHLTPEEKTAVNALWGKVNVDAVGGEALGRLLVVYPWTQRFFESFGDLSSPDAVMGNPKVKAHGKKVLGAFSDGLAHLDNLKGTFSQLSELHCDKLHVDPENFRLLGNVLVCVLARNFGKEFTPQMQAAYQKVVAGVANALAHKYH,VLSSQNKKAIEELGNLIKANAEAWGADALARLFELHPQTKTYFSKFSGFEACNEQVKKHGKRVMNALADATHHLDNLHLHLEDLARKHGENLLVDPHNFHLFADCIVVTLAVNLQAFTPVTHCAVDKFLELVAYELSSCYR,VHLTPEEKTAVNALWGK--VNVDAVGGEALGRLLVVYPWTQRFFESFGDLSSPDAVMGNPKVKAHGKKVLGAFSDGLAHLDNLKGTFSQLSELHCDKLHVDPENFRLLGNVLVCVLARNFGKEFTPQMQAAYQKVVAGVANALAHKYH,-VLSSQNKKAIEELGNLIKANAEAWGADALARLFELHPQTKTYFSKFSGFEA-----CNEQVKKHGKRVMNALADATHHLDNLHLHLEDLARKHGENLLVDPHNFHLFADCIVVTLAVNLQ-AFTPVTHCAVDKFLELVAYELSSCYR,0,0,145,140
41,N_13_gi|56553727,N_9_gi|320089813,N_13_gi|56553727,N_9_gi|320089813,VHLTPEEKTAVNALWGKVNVDAVGGEALGRLLVVYPWTQRFFESFGDLSSPDAVMGNPKVKAHGKKVLGAFSDGLAHLDNLKGTFSQLSELHCDKLHVDPENFRLLGNVLVCVLARNFGKEFTPQMQAAYQKVVAGVANALAHKYH,AFTGVERSTIGAIAKILASTPEAYGAEALARLFATHPGAKSYFDYADYSAAGAKVQLHGGKVIRAVVSAAEHDDDLHAHLMVLAVTHGKKLLVDPSNFPMLSECILVTLATHLAEFSPATHCAVDKLLSAISSELSSKYR,VHLTPEEKTAVNALWGK--VNVDAVGGEALGRLLVVYPWTQRFFESFGDLSSPDAVMGNPKVKAHGKKVLGAFSDGLAHLDNLKGTFSQLSELHCDKLHVDPENFRLLGNVLVCVLARNFGKEFTPQMQAAYQKVVAGVANALAHKYH,-AFTGVERSTIGAIAKILASTPEAYGAEALARLFATHPGAKSYFDYADYSA------AGAKVQLHGGKVIRAVVSAAEHDDDLHAHLMVLAVTHGKKLLVDPSNFPMLSECILVTLATHLA-EFSPATHCAVDKLLSAISSELSSKYR,0,0,145,139
42,N_1_gi|1942655,N_2_gi|10120557,N_1_gi|1942655,N_2_gi|10120557,VEWTDAEKSTISAVWGKVNIDEIGPLALARVLIVYPWTQRYFGSFGNVSTPAAIMGNPKVAAHGKVVCGALDKAVKNMGNILATYKSLSETHANKLFVDPDNFRVLADVLTIVIAAKFGASFTPEIQATWQKFMKVVVAAMGSRYF,AFTACEKQTIGKIAQVLAKSPEAYGAECLARLFVTHPGSKSYFEYKDYSAAGAKVQVHGGKVIRAVVKAAEHVDDLHSHLETLALTHGKKLLVDPQNFPMLSECIIVTLATHLTEFSPDTHCAVDKLLSAICQELSSRYR,VEWTDAEKSTISAVWGK--VNIDEIGPLALARVLIVYPWTQRYFGSFGNVSTPAAIMGNPKVAAHGKVVCGALDKAVKNMGNILATYKSLSETHANKLFVDPDNFRVLADVLTIVIAAKFGASFTPEIQATWQKFMKVVVAAMGSRYF,-AFTACEKQTIGKIAQVLAKSPEAYGAECLARLFVTHPGSKSYFEYKDYSA------AGAKVQVHGGKVIRAVVKAAEHVDDLHSHLETLALTHGKKLLVDPQNFPMLSECIIVTLATHLT-EFSPDTHCAVDKLLSAICQELSSRYR,0,0,145,139
43,N_1_gi|1942655,N_3_gi|10120558,N_1_gi|1942655,N_3_gi|10120558,VEWTDAEKSTISAVWGKVNIDEIGPLALARVLIVYPWTQRYFGSFGNVSTPAAIMGNPKVAAHGKVVCGALDKAVKNMGNILATYKSLSETHANKLFVDPDNFRVLADVLTIVIAAKFGASFTPEIQATWQKFMKVVVAAMGSRYF,VHWTQEERDEISKTFQGTDMKTVVTQALDRMFKVYPWTNRYFQKRTDFRSSIHAGIVVGALQDAVKHMDDVKTLFKDLSKKHADDLHVDPGSFHLLTDCIIVELAYLRKDCFTPHIQGIWDKFFEVVIDAISKQY,VEWTDAEKSTISAVWGKVNIDEIGPLALARVLIVYPWTQRYFGSFGNVSTPAAIMGNPKVAAHGKVVCGALDKAVKNMGNILATYKSLSETHANKLFVDPDNFRVLADVLTIVIAAKFGASFTPEIQATWQKFMKVVVAAMGSRYF,VHWTQEERDEISKTFQGTDMKTVVTQALDRMFKVYPWTNRYFQKRTD----------FRSSIHAGIVVGALQDAVKHMDDVKTLFKDLSKKHADDLHVDPGSFHLLTDCIIVELAYLRKDCFTPHIQGIWDKFFEVVIDAISKQY-,0,0,145,134
44,N_1_gi|1942655,N_4_gi|4699640,N_1_gi|1942655,N_4_gi|4699640,VEWTDAEKSTISAVWGKVNIDEIGPLALARVLIVYPWTQRYFGSFGNVSTPAAIMGNPKVAAHGKVVCGALDKAVKNMGNILATYKSLSETHANKLFVDPDNFRVLADVLTIVIAAKFGASFTPEIQATWQKFMKVVVAAMGSRYF,MLTAEDKKLIQQAWEKAASHQEEFGAEALTRMFTTYPQTKTYFPHFDLSPGSDQVRGHGKKVLGALGNAVKNVDNLSQAMAELSNLHAYNLRVDPVNFKLLSQCIQVVLAVHMGKDYTPEVHAAFDKFLSAVSAVLAEKYR,VEWTDAEKSTISAVWGK--VNIDEIGPLALARVLIVYPWTQRYFGSFGNVSTPAAIMGNPKVAAHGKVVCGALDKAVKNMGNILATYKSLSETHANKLFVDPDNFRVLADVLTIVIAAKFGASFTPEIQATWQKFMKVVVAAMGSRYF,-MLTAEDKKLIQQAWEKAASHQEEFGAEALTRMFTTYPQTKTYFPHFDLSP------GSDQVRGHGKKVLGALGNAVKNVDNLSQAMAELSNLHAYNLRVDPVNFKLLSQCIQVVLAVHMGKDYTPEVHAAFDKFLSAVSAVLAEKYR,0,0,145,140
45,N_1_gi|1942655,N_5_gi|4699641,N_1_gi|1942655,N_5_gi|4699641,VEWTDAEKSTISAVWGKVNIDEIGPLALARVLIVYPWTQRYFGSFGNVSTPAAIMGNPKVAAHGKVVCGALDKAVKNMGNILATYKSLSETHANKLFVDPDNFRVLADVLTIVIAAKFGASFTPEIQATWQKFMKVVVAAMGSRYF,VHWTAEEKQLITGLWGKVNVAECGAEALARLLIVYPWTQRFFASFGNLSSPTAILGNPMVRAHGKKVLTSFGDAVKNLDNIKNTFSQLSELHCDKLHVDPENFRLLGDILIIVLAAHFSKDFTPECQAAWQKLVRVVAHALARKYH,VEWTDAEKSTISAVWGKVNIDEIGPLALARVLIVYPWTQRYFGSFGNVSTPAAIMGNPKVAAHGKVVCGALDKAVKNMGNILATYKSLSETHANKLFVDPDNFRVLADVLTIVIAAKFGASFTPEIQATWQKFMKVVVAAMGSRYF,VHWTAEEKQLITGLWGKVNVAECGAEALARLLIVYPWTQRFFASFGNLSSPTAILGNPMVRAHGKKVLTSFGDAVKNLDNIKNTFSQLSELHCDKLHVDPENFRLLGDILIIVLAAHFSKDFTPECQAAWQKLVRVVAHALARKYH,0,0,145,145
46,N_1_gi|1942655,N_6_gi|231022,N_1_gi|1942655,N_6_gi|231022,VEWTDAEKSTISAVWGKVNIDEIGPLALARVLIVYPWTQRYFGSFGNVSTPAAIMGNPKVAAHGKVVCGALDKAVKNMGNILATYKSLSETHANKLFVDPDNFRVLADVLTIVIAAKFGASFTPEIQATWQKFMKVVVAAMGSRYF,VLSPADKTNVKAAWGKVGAHAGEYGAEALERMFLSFPTTKTYFPHFDLSHGSAQVKGHGKKVADALTNAVAHVDDMPNALSALSDLHAHKLRVDPVNFKLLSHCLLVTLAAHLPAEFTPAVHASLDKFLASVSTVLTSKYR,VEWTDAEKSTISAVWGK--VNIDEIGPLALARVLIVYPWTQRYFGSFGNVSTPAAIMGNPKVAAHGKVVCGALDKAVKNMGNILATYKSLSETHANKLFVDPDNFRVLADVLTIVIAAKFGASFTPEIQATWQKFMKVVVAAMGSRYF,-VLSPADKTNVKAAWGKVGAHAGEYGAEALERMFLSFPTTKTYFPHFDLSH------GSAQVKGHGKKVADALTNAVAHVDDMPNALSALSDLHAHKLRVDPVNFKLLSHCLLVTLAAHLPAEFTPAVHASLDKFLASVSTVLTSKYR,0,0,145,140
47,N_1_gi|1942655,N_7_gi|231023,N_1_gi|1942655,N_7_gi|231023,VEWTDAEKSTISAVWGKVNIDEIGPLALARVLIVYPWTQRYFGSFGNVSTPAAIMGNPKVAAHGKVVCGALDKAVKNMGNILATYKSLSETHANKLFVDPDNFRVLADVLTIVIAAKFGASFTPEIQATWQKFMKVVVAAMGSRYF,VHLTPEEKSAVTALWGKVNVDEVGGEALGRLLVVYPWTQRFFESFGDLSTPDAVMGNPKVKAHGKKVLGAFSDGLAHLDNLKGTFATLSELHCDKLHVDPENFRLLGNVLVCVLAHHFGKEFTPPVQAAYQKVVAGVANALAHKYH,VEWTDAEKSTISAVWGKVNIDEIGPLALARVLIVYPWTQRYFGSFGNVSTPAAIMGNPKVAAHGKVVCGALDKAVKNMGNILATYKSLSETHANKLFVDPDNFRVLADVLTIVIAAKFGASFTPEIQATWQKFMKVVVAAMGSRYF,VHLTPEEKSAVTALWGKVNVDEVGGEALGRLLVVYPWTQRFFESFGDLSTPDAVMGNPKVKAHGKKVLGAFSDGLAHLDNLKGTFATLSELHCDKLHVDPENFRLLGNVLVCVLAHHFGKEFTPPVQAAYQKVVAGVANALAHKYH,0,0,145,145
48,N_1_gi|1942655,N_8_gi|4699569,N_1_gi|1942655,N_8_gi|4699569,VEWTDAEKSTISAVWGKVNIDEIGPLALARVLIVYPWTQRYFGSFGNVSTPAAIMGNPKVAAHGKVVCGALDKAVKNMGNILATYKSLSETHANKLFVDPDNFRVLADVLTIVIAAKFGASFTPEIQATWQKFMKVVVAAMGSRYF,VLSSQNKKAIEELGNLIKANAEAWGADALARLFELHPQTKTYFSKFSGFEACNEQVKKHGKRVMNALADATHHLDNLHLHLEDLARKHGENLLVDPHNFHLFADCIVVTLAVNLQAFTPVTHCAVDKFLELVAYELSSCYR,VEWTDAEKSTISAVWGK--VNIDEIGPLALARVLIVYPWTQRYFGSFGNVSTPAAIMGNPKVAAHGKVVCGALDKAVKNMGNILATYKSLSETHANKLFVDPDNFRVLADVLTIVIAAKFGASFTPEIQATWQKFMKVVVAAMGSRYF,-VLSSQNKKAIEELGNLIKANAEAWGADALARLFELHPQTKTYFSKFSGFEA-----CNEQVKKHGKRVMNALADATHHLDNLHLHLEDLARKHGENLLVDPHNFHLFADCIVVTLAVNLQ-AFTPVTHCAVDKFLELVAYELSSCYR,0,0,145,140
49,N_1_gi|1942655,N_9_gi|320089813,N_1_gi|1942655,N_9_gi|320089813,VEWTDAEKSTISAVWGKVNIDEIGPLALARVLIVYPWTQRYFGSFGNVSTPAAIMGNPKVAAHGKVVCGALDKAVKNMGNILATYKSLSETHANKLFVDPDNFRVLADVLTIVIAAKFGASFTPEIQATWQKFMKVVVAAMGSRYF,AFTGVERSTIGAIAKILASTPEAYGAEALARLFATHPGAKSYFDYADYSAAGAKVQLHGGKVIRAVVSAAEHDDDLHAHLMVLAVTHGKKLLVDPSNFPMLSECILVTLATHLAEFSPATHCAVDKLLSAISSELSSKYR,VEWTDAEKSTISAVWGK--VNIDEIGPLALARVLIVYPWTQRYFGSFGNVSTPAAIMGNPKVAAHGKVVCGALDKAVKNMGNILATYKSLSETHANKLFVDPDNFRVLADVLTIVIAAKFGASFTPEIQATWQKFMKVVVAAMGSRYF,-AFTGVERSTIGAIAKILASTPEAYGAEALARLFATHPGAKSYFDYADYSA------AGAKVQLHGGKVIRAVVSAAEHDDDLHAHLMVLAVTHGKKLLVDPSNFPMLSECILVTLATHLA-EFSPATHCAVDKLLSAISSELSSKYR,0,0,145,139
50,N_2_gi|10120557,N_3_gi|10120558,N_2_gi|10120557,N_3_gi|10120558,AFTACEKQTIGKIAQVLAKSPEAYGAECLARLFVTHPGSKSYFEYKDYSAAGAKVQVHGGKVIRAVVKAAEHVDDLHSHLETLALTHGKKLLVDPQNFPMLSECIIVTLATHLTEFSPDTHCAVDKLLSAICQELSSRYR,VHWTQEERDEISKTFQGTDMKTVVTQALDRMFKVYPWTNRYFQKRTDFRSSIHAGIVVGALQDAVKHMDDVKTLFKDLSKKHADDLHVDPGSFHLLTDCIIVELAYLRKDCFTPHIQGIWDKFFEVVIDAISKQY,-AFTACEKQTIGKIAQVLAKSPEAYGAECLARLFVTHPGSKSYFEYKDYSAAGAKVQVHGGKVIRAVVKAAEHVDDLHSHLETLALTHGKKLLVDPQNFPMLSECIIVTLATHLT-EFSPDTHCAVDKLLSAICQELSSRYR,VHWTQEERDEISKTFQG--TDMKTVVTQALDRMFKVYPWTNRYFQKRTD----FRSSIHAGIVVGALQDAVKHMDDVKTLFKDLSKKHADDLHVDPGSFHLLTDCIIVELAYLRKDCFTPHIQGIWDKFFEVVIDAISKQY-,0,0,139,134
51,N_2_gi|10120557,N_4_gi|4699640,N_2_gi|10120557,N_4_gi|4699640,AFTACEKQTIGKIAQVLAKSPEAYGAECLARLFVTHPGSKSYFEYKDYSAAGAKVQVHGGKVIRAVVKAAEHVDDLHSHLETLALTHGKKLLVDPQNFPMLSECIIVTLATHLTEFSPDTHCAVDKLLSAICQELSSRYR,MLTAEDKKLIQQAWEKAASHQEEFGAEALTRMFTTYPQTKTYFPHFDLSPGSDQVRGHGKKVLGALGNAVKNVDNLSQAMAELSNLHAYNLRVDPVNFKLLSQCIQVVLAVHMGKDYTPEVHAAFDKFLSAVSAVLAEKYR,AFTACEKQTIGKIAQVLAKSPEAYGAECLARLFVTHPGSKSYFEYKDYSAAGAKVQVHGGKVIRAVVKAAEHVDDLHSHLETLALTHGKKLLVDPQNFPMLSECIIVTLATHLT-EFSPDTHCAVDKLLSAICQELSSRYR,MLTAEDKKLIQQAWEKAASHQEEFGAEALTRMFTTYPQTKTYFPHFDLSPGSDQVRGHGKKVLGALGNAVKNVDNLSQAMAELSNLHAYNLRVDPVNFKLLSQCIQVVLAVHMGKDYTPEVHAAFDKFLSAVSAVLAEKYR,0,0,139,140
52,N_2_gi|10120557,N_5_gi|4699641,N_2_gi|10120557,N_5_gi|4699641,AFTACEKQTIGKIAQVLAKSPEAYGAECLARLFVTHPGSKSYFEYKDYSAAGAKVQVHGGKVIRAVVKAAEHVDDLHSHLETLALTHGKKLLVDPQNFPMLSECIIVTLATHLTEFSPDTHCAVDKLLSAICQELSSRYR,VHWTAEEKQLITGLWGKVNVAECGAEALARLLIVYPWTQRFFASFGNLSSPTAILGNPMVRAHGKKVLTSFGDAVKNLDNIKNTFSQLSELHCDKLHVDPENFRLLGDILIIVLAAHFSKDFTPECQAAWQKLVRVVAHALARKYH,-AFTACEKQTIGKIAQVLAKSPEAYGAECLARLFVTHPGSKSYFEYKDYSA------AGAKVQVHGGKVIRAVVKAAEHVDDLHSHLETLALTHGKKLLVDPQNFPMLSECIIVTLATHLT-EFSPDTHCAVDKLLSAICQELSSRYR,VHWTAEEKQLITGLWGK--VNVAECGAEALARLLIVYPWTQRFFASFGNLSSPTAILGNPMVRAHGKKVLTSFGDAVKNLDNIKNTFSQLSELHCDKLHVDPENFRLLGDILIIVLAAHFSKDFTPECQAAWQKLVRVVAHALARKYH,0,0,139,145
53,N_2_gi|10120557,N_6_gi|231022,N_2_gi|10120557,N_6_gi|231022,AFTACEKQTIGKIAQVLAKSPEAYGAECLARLFVTHPGSKSYFEYKDYSAAGAKVQVHGGKVIRAVVKAAEHVDDLHSHLETLALTHGKKLLVDPQNFPMLSECIIVTLATHLTEFSPDTHCAVDKLLSAICQELSSRYR,VLSPADKTNVKAAWGKVGAHAGEYGAEALERMFLSFPTTKTYFPHFDLSHGSAQVKGHGKKVADALTNAVAHVDDMPNALSALSDLHAHKLRVDPVNFKLLSHCLLVTLAAHLPAEFTPAVHASLDKFLASVSTVLTSKYR,AFTACEKQTIGKIAQVLAKSPEAYGAECLARLFVTHPGSKSYFEYKDYSAAGAKVQVHGGKVIRAVVKAAEHVDDLHSHLETLALTHGKKLLVDPQNFPMLSECIIVTLATHLT-EFSPDTHCAVDKLLSAICQELSSRYR,VLSPADKTNVKAAWGKVGAHAGEYGAEALERMFLSFPTTKTYFPHFDLSHGSAQVKGHGKKVADALTNAVAHVDDMPNALSALSDLHAHKLRVDPVNFKLLSHCLLVTLAAHLPAEFTPAVHASLDKFLASVSTVLTSKYR,0,0,139,140
54,N_2_gi|10120557,N_7_gi|231023,N_2_gi|10120557,N_7_gi|231023,AFTACEKQTIGKIAQVLAKSPEAYGAECLARLFVTHPGSKSYFEYKDYSAAGAKVQVHGGKVIRAVVKAAEHVDDLHSHLETLALTHGKKLLVDPQNFPMLSECIIVTLATHLTEFSPDTHCAVDKLLSAICQELSSRYR,VHLTPEEKSAVTALWGKVNVDEVGGEALGRLLVVYPWTQRFFESFGDLSTPDAVMGNPKVKAHGKKVLGAFSDGLAHLDNLKGTFATLSELHCDKLHVDPENFRLLGNVLVCVLAHHFGKEFTPPVQAAYQKVVAGVANALAHKYH,-AFTACEKQTIGKIAQVLAKSPEAYGAECLARLFVTHPGSKSYFEYKDYSA------AGAKVQVHGGKVIRAVVKAAEHVDDLHSHLETLALTHGKKLLVDPQNFPMLSECIIVTLATHLT-EFSPDTHCAVDKLLSAICQELSSRYR,VHLTPEEKSAVTALWGK--VNVDEVGGEALGRLLVVYPWTQRFFESFGDLSTPDAVMGNPKVKAHGKKVLGAFSDGLAHLDNLKGTFATLSELHCDKLHVDPENFRLLGNVLVCVLAHHFGKEFTPPVQAAYQKVVAGVANALAHKYH,0,0,139,145
55,N_2_gi|10120557,N_8_gi|4699569,N_2_gi|10120557,N_8_gi|4699569,AFTACEKQTIGKIAQVLAKSPEAYGAECLARLFVTHPGSKSYFEYKDYSAAGAKVQVHGGKVIRAVVKAAEHVDDLHSHLETLALTHGKKLLVDPQNFPMLSECIIVTLATHLTEFSPDTHCAVDKLLSAICQELSSRYR,VLSSQNKKAIEELGNLIKANAEAWGADALARLFELHPQTKTYFSKFSGFEACNEQVKKHGKRVMNALADATHHLDNLHLHLEDLARKHGENLLVDPHNFHLFADCIVVTLAVNLQAFTPVTHCAVDKFLELVAYELSSCYR,AFTACEKQTIGKIAQVLAKSPEAYGAECLARLFVTHPGSKSYFEYKDYSA-AGAKVQVHGGKVIRAVVKAAEHVDDLHSHLETLALTHGKKLLVDPQNFPMLSECIIVTLATHLTEFSPDTHCAVDKLLSAICQELSSRYR,VLSSQNKKAIEELGNLIKANAEAWGADALARLFELHPQTKTYFSKFSGFEACNEQVKKHGKRVMNALADATHHLDNLHLHLEDLARKHGENLLVDPHNFHLFADCIVVTLAVNLQAFTPVTHCAVDKFLELVAYELSSCYR,0,0,139,140
56,N_2_gi|10120557,N_9_gi|320089813,N_2_gi|10120557,N_9_gi|320089813,AFTACEKQTIGKIAQVLAKSPEAYGAECLARLFVTHPGSKSYFEYKDYSAAGAKVQVHGGKVIRAVVKAAEHVDDLHSHLETLALTHGKKLLVDPQNFPMLSECIIVTLATHLTEFSPDTHCAVDKLLSAICQELSSRYR,AFTGVERSTIGAIAKILASTPEAYGAEALARLFATHPGAKSYFDYADYSAAGAKVQLHGGKVIRAVVSAAEHDDDLHAHLMVLAVTHGKKLLVDPSNFPMLSECILVTLATHLAEFSPATHCAVDKLLSAISSELSSKYR,AFTACEKQTIGKIAQVLAKSPEAYGAECLARLFVTHPGSKSYFEYKDYSAAGAKVQVHGGKVIRAVVKAAEHVDDLHSHLETLALTHGKKLLVDPQNFPMLSECIIVTLATHLTEFSPDTHCAVDKLLSAICQELSSRYR,AFTGVERSTIGAIAKILASTPEAYGAEALARLFATHPGAKSYFDYADYSAAGAKVQLHGGKVIRAVVSAAEHDDDLHAHLMVLAVTHGKKLLVDPSNFPMLSECILVTLATHLAEFSPATHCAVDKLLSAISSELSSKYR,0,0,139,139
57,N_3_gi|10120558,N_4_gi|4699640,N_3_gi|10120558,N_4_gi|4699640,VHWTQEERDEISKTFQGTDMKTVVTQALDRMFKVYPWTNRYFQKRTDFRSSIHAGIVVGALQDAVKHMDDVKTLFKDLSKKHADDLHVDPGSFHLLTDCIIVELAYLRKDCFTPHIQGIWDKFFEVVIDAISKQY,MLTAEDKKLIQQAWEKAASHQEEFGAEALTRMFTTYPQTKTYFPHFDLSPGSDQVRGHGKKVLGALGNAVKNVDNLSQAMAELSNLHAYNLRVDPVNFKLLSQCIQVVLAVHMGKDYTPEVHAAFDKFLSAVSAVLAEKYR,VHWTQEERDEISKTFQG--TDMKTVVTQALDRMFKVYPWTNRYFQKRTD----FRSSIHAGIVVGALQDAVKHMDDVKTLFKDLSKKHADDLHVDPGSFHLLTDCIIVELAYLRKDCFTPHIQGIWDKFFEVVIDAISKQY-,-MLTAEDKKLIQQAWEKAASHQEEFGAEALTRMFTTYPQTKTYFPHFDLSPGSDQVRGHGKKVLGALGNAVKNVDNLSQAMAELSNLHAYNLRVDPVNFKLLSQCIQVVLAVHMGKDYTPEVHAAFDKFLSAVSAVLAEKYR,0,0,134,140
58,N_3_gi|10120558,N_5_gi|4699641,N_3_gi|10120558,N_5_gi|4699641,VHWTQEERDEISKTFQGTDMKTVVTQALDRMFKVYPWTNRYFQKRTDFRSSIHAGIVVGALQDAVKHMDDVKTLFKDLSKKHADDLHVDPGSFHLLTDCIIVELAYLRKDCFTPHIQGIWDKFFEVVIDAISKQY,VHWTAEEKQLITGLWGKVNVAECGAEALARLLIVYPWTQRFFASFGNLSSPTAILGNPMVRAHGKKVLTSFGDAVKNLDNIKNTFSQLSELHCDKLHVDPENFRLLGDILIIVLAAHFSKDFTPECQAAWQKLVRVVAHALARKYH,VHWTQEERDEISKTFQGTDMKTVVTQALDRMFKVYPWTNRYFQKRTD----------FRSSIHAGIVVGALQDAVKHMDDVKTLFKDLSKKHADDLHVDPGSFHLLTDCIIVELAYLRKDCFTPHIQGIWDKFFEVVIDAISKQY-,VHWTAEEKQLITGLWGKVNVAECGAEALARLLIVYPWTQRFFASFGNLSSPTAILGNPMVRAHGKKVLTSFGDAVKNLDNIKNTFSQLSELHCDKLHVDPENFRLLGDILIIVLAAHFSKDFTPECQAAWQKLVRVVAHALARKYH,0,0,134,145
59,N_3_gi|10120558,N_6_gi|231022,N_3_gi|10120558,N_6_gi|231022,VHWTQEERDEISKTFQGTDMKTVVTQALDRMFKVYPWTNRYFQKRTDFRSSIHAGIVVGALQDAVKHMDDVKTLFKDLSKKHADDLHVDPGSFHLLTDCIIVELAYLRKDCFTPHIQGIWDKFFEVVIDAISKQY,VLSPADKTNVKAAWGKVGAHAGEYGAEALERMFLSFPTTKTYFPHFDLSHGSAQVKGHGKKVADALTNAVAHVDDMPNALSALSDLHAHKLRVDPVNFKLLSHCLLVTLAAHLPAEFTPAVHASLDKFLASVSTVLTSKYR,VHWTQEERDEISKTFQG--TDMKTVVTQALDRMFKVYPWTNRYFQKRTD----FRSSIHAGIVVGALQDAVKHMDDVKTLFKDLSKKHADDLHVDPGSFHLLTDCIIVELAYLRKDCFTPHIQGIWDKFFEVVIDAISKQY-,-VLSPADKTNVKAAWGKVGAHAGEYGAEALERMFLSFPTTKTYFPHFDLSHGSAQVKGHGKKVADALTNAVAHVDDMPNALSALSDLHAHKLRVDPVNFKLLSHCLLVTLAAHLPAEFTPAVHASLDKFLASVSTVLTSKYR,0,0,134,140
60,N_3_gi|10120558,N_7_gi|231023,N_3_gi|10120558,N_7_gi|231023,VHWTQEERDEISKTFQGTDMKTVVTQALDRMFKVYPWTNRYFQKRTDFRSSIHAGIVVGALQDAVKHMDDVKTLFKDLSKKHADDLHVDPGSFHLLTDCIIVELAYLRKDCFTPHIQGIWDKFFEVVIDAISKQY,VHLTPEEKSAVTALWGKVNVDEVGGEALGRLLVVYPWTQRFFESFGDLSTPDAVMGNPKVKAHGKKVLGAFSDGLAHLDNLKGTFATLSELHCDKLHVDPENFRLLGNVLVCVLAHHFGKEFTPPVQAAYQKVVAGVANALAHKYH,VHWTQEERDEISKTFQGTDMKTVVTQALDRMFKVYPWTNRYFQKRTD----------FRSSIHAGIVVGALQDAVKHMDDVKTLFKDLSKKHADDLHVDPGSFHLLTDCIIVELAYLRKDCFTPHIQGIWDKFFEVVIDAISKQY-,VHLTPEEKSAVTALWGKVNVDEVGGEALGRLLVVYPWTQRFFESFGDLSTPDAVMGNPKVKAHGKKVLGAFSDGLAHLDNLKGTFATLSELHCDKLHVDPENFRLLGNVLVCVLAHHFGKEFTPPVQAAYQKVVAGVANALAHKYH,0,0,134,145
61,N_3_gi|10120558,N_8_gi|4699569,N_3_gi|10120558,N_8_gi|4699569,VHWTQEERDEISKTFQGTDMKTVVTQALDRMFKVYPWTNRYFQKRTDFRSSIHAGIVVGALQDAVKHMDDVKTLFKDLSKKHADDLHVDPGSFHLLTDCIIVELAYLRKDCFTPHIQGIWDKFFEVVIDAISKQY,VLSSQNKKAIEELGNLIKANAEAWGADALARLFELHPQTKTYFSKFSGFEACNEQVKKHGKRVMNALADATHHLDNLHLHLEDLARKHGENLLVDPHNFHLFADCIVVTLAVNLQAFTPVTHCAVDKFLELVAYELSSCYR,VHWTQEERDEISKTFQG--TDMKTVVTQALDRMFKVYPWTNRYFQKRTD-----FRSSIHAGIVVGALQDAVKHMDDVKTLFKDLSKKHADDLHVDPGSFHLLTDCIIVELAYLRKDCFTPHIQGIWDKFFEVVIDAISKQY-,-VLSSQNKKAIEELGNLIKANAEAWGADALARLFELHPQTKTYFSKFSGFEACNEQVKKHGKRVMNALADATHHLDNLHLHLEDLARKHGENLLVDPHNFHLFADCIVVTLAVNLQ-AFTPVTHCAVDKFLELVAYELSSCYR,0,0,134,140
62,N_3_gi|10120558,N_9_gi|320089813,N_3_gi|10120558,N_9_gi|320089813,VHWTQEERDEISKTFQGTDMKTVVTQALDRMFKVYPWTNRYFQKRTDFRSSIHAGIVVGALQDAVKHMDDVKTLFKDLSKKHADDLHVDPGSFHLLTDCIIVELAYLRKDCFTPHIQGIWDKFFEVVIDAISKQY,AFTGVERSTIGAIAKILASTPEAYGAEALARLFATHPGAKSYFDYADYSAAGAKVQLHGGKVIRAVVSAAEHDDDLHAHLMVLAVTHGKKLLVDPSNFPMLSECILVTLATHLAEFSPATHCAVDKLLSAISSELSSKYR,VHWTQEERDEISKTFQG--TDMKTVVTQALDRMFKVYPWTNRYFQKRTD----FRSSIHAGIVVGALQDAVKHMDDVKTLFKDLSKKHADDLHVDPGSFHLLTDCIIVELAYLRKDCFTPHIQGIWDKFFEVVIDAISKQY-,-AFTGVERSTIGAIAKILASTPEAYGAEALARLFATHPGAKSYFDYADYSAAGAKVQLHGGKVIRAVVSAAEHDDDLHAHLMVLAVTHGKKLLVDPSNFPMLSECILVTLATHLA-EFSPATHCAVDKLLSAISSELSSKYR,0,0,134,139
63,N_4_gi|4699640,N_5_gi|4699641,N_4_gi|4699640,N_5_gi|4699641,MLTAEDKKLIQQAWEKAASHQEEFGAEALTRMFTTYPQTKTYFPHFDLSPGSDQVRGHGKKVLGALGNAVKNVDNLSQAMAELSNLHAYNLRVDPVNFKLLSQCIQVVLAVHMGKDYTPEVHAAFDKFLSAVSAVLAEKYR,VHWTAEEKQLITGLWGKVNVAECGAEALARLLIVYPWTQRFFASFGNLSSPTAILGNPMVRAHGKKVLTSFGDAVKNLDNIKNTFSQLSELHCDKLHVDPENFRLLGDILIIVLAAHFSKDFTPECQAAWQKLVRVVAHALARKYH,-MLTAEDKKLIQQAWEKAASHQEEFGAEALTRMFTTYPQTKTYFPHFDLSP------GSDQVRGHGKKVLGALGNAVKNVDNLSQAMAELSNLHAYNLRVDPVNFKLLSQCIQVVLAVHMGKDYTPEVHAAFDKFLSAVSAVLAEKYR,VHWTAEEKQLITGLWGK--VNVAECGAEALARLLIVYPWTQRFFASFGNLSSPTAILGNPMVRAHGKKVLTSFGDAVKNLDNIKNTFSQLSELHCDKLHVDPENFRLLGDILIIVLAAHFSKDFTPECQAAWQKLVRVVAHALARKYH,0,0,140,145
64,N_4_gi|4699640,N_6_gi|231022,N_4_gi|4699640,N_6_gi|231022,MLTAEDKKLIQQAWEKAASHQEEFGAEALTRMFTTYPQTKTYFPHFDLSPGSDQVRGHGKKVLGALGNAVKNVDNLSQAMAELSNLHAYNLRVDPVNFKLLSQCIQVVLAVHMGKDYTPEVHAAFDKFLSAVSAVLAEKYR,VLSPADKTNVKAAWGKVGAHAGEYGAEALERMFLSFPTTKTYFPHFDLSHGSAQVKGHGKKVADALTNAVAHVDDMPNALSALSDLHAHKLRVDPVNFKLLSHCLLVTLAAHLPAEFTPAVHASLDKFLASVSTVLTSKYR,MLTAEDKKLIQQAWEKAASHQEEFGAEALTRMFTTYPQTKTYFPHFDLSPGSDQVRGHGKKVLGALGNAVKNVDNLSQAMAELSNLHAYNLRVDPVNFKLLSQCIQVVLAVHMGKDYTPEVHAAFDKFLSAVSAVLAEKYR,VLSPADKTNVKAAWGKVGAHAGEYGAEALERMFLSFPTTKTYFPHFDLSHGSAQVKGHGKKVADALTNAVAHVDDMPNALSALSDLHAHKLRVDPVNFKLLSHCLLVTLAAHLPAEFTPAVHASLDKFLASVSTVLTSKYR,0,0,140,140
65,N_4_gi|4699640,N_7_gi|231023,N_4_gi|4699640,N_7_gi|231023,MLTAEDKKLIQQAWEKAASHQEEFGAEALTRMFTTYPQTKTYFPHFDLSPGSDQVRGHGKKVLGALGNAVKNVDNLSQAMAELSNLHAYNLRVDPVNFKLLSQCIQVVLAVHMGKDYTPEVHAAFDKFLSAVSAVLAEKYR,VHLTPEEKSAVTALWGKVNVDEVGGEALGRLLVVYPWTQRFFESFGDLSTPDAVMGNPKVKAHGKKVLGAFSDGLAHLDNLKGTFATLSELHCDKLHVDPENFRLLGNVLVCVLAHHFGKEFTPPVQAAYQKVVAGVANALAHKYH,-MLTAEDKKLIQQAWEKAASHQEEFGAEALTRMFTTYPQTKTYFPHFDLSP------GSDQVRGHGKKVLGALGNAVKNVDNLSQAMAELSNLHAYNLRVDPVNFKLLSQCIQVVLAVHMGKDYTPEVHAAFDKFLSAVSAVLAEKYR,VHLTPEEKSAVTALWGK--VNVDEVGGEALGRLLVVYPWTQRFFESFGDLSTPDAVMGNPKVKAHGKKVLGAFSDGLAHLDNLKGTFATLSELHCDKLHVDPENFRLLGNVLVCVLAHHFGKEFTPPVQAAYQKVVAGVANALAHKYH,0,0,140,145
66,N_4_gi|4699640,N_8_gi|4699569,N_4_gi|4699640,N_8_gi|4699569,MLTAEDKKLIQQAWEKAASHQEEFGAEALTRMFTTYPQTKTYFPHFDLSPGSDQVRGHGKKVLGALGNAVKNVDNLSQAMAELSNLHAYNLRVDPVNFKLLSQCIQVVLAVHMGKDYTPEVHAAFDKFLSAVSAVLAEKYR,VLSSQNKKAIEELGNLIKANAEAWGADALARLFELHPQTKTYFSKFSGFEACNEQVKKHGKRVMNALADATHHLDNLHLHLEDLARKHGENLLVDPHNFHLFADCIVVTLAVNLQAFTPVTHCAVDKFLELVAYELSSCYR,MLTAEDKKLIQQAWEKAASHQEEFGAEALTRMFTTYPQTKTYFPHFDLSP-GSDQVRGHGKKVLGALGNAVKNVDNLSQAMAELSNLHAYNLRVDPVNFKLLSQCIQVVLAVHMGKDYTPEVHAAFDKFLSAVSAVLAEKYR,VLSSQNKKAIEELGNLIKANAEAWGADALARLFELHPQTKTYFSKFSGFEACNEQVKKHGKRVMNALADATHHLDNLHLHLEDLARKHGENLLVDPHNFHLFADCIVVTLAVNLQ-AFTPVTHCAVDKFLELVAYELSSCYR,0,0,140,140
67,N_4_gi|4699640,N_9_gi|320089813,N_4_gi|4699640,N_9_gi|320089813,MLTAEDKKLIQQAWEKAASHQEEFGAEALTRMFTTYPQTKTYFPHFDLSPGSDQVRGHGKKVLGALGNAVKNVDNLSQAMAELSNLHAYNLRVDPVNFKLLSQCIQVVLAVHMGKDYTPEVHAAFDKFLSAVSAVLAEKYR,AFTGVERSTIGAIAKILASTPEAYGAEALARLFATHPGAKSYFDYADYSAAGAKVQLHGGKVIRAVVSAAEHDDDLHAHLMVLAVTHGKKLLVDPSNFPMLSECILVTLATHLAEFSPATHCAVDKLLSAISSELSSKYR,MLTAEDKKLIQQAWEKAASHQEEFGAEALTRMFTTYPQTKTYFPHFDLSPGSDQVRGHGKKVLGALGNAVKNVDNLSQAMAELSNLHAYNLRVDPVNFKLLSQCIQVVLAVHMGKDYTPEVHAAFDKFLSAVSAVLAEKYR,AFTGVERSTIGAIAKILASTPEAYGAEALARLFATHPGAKSYFDYADYSAAGAKVQLHGGKVIRAVVSAAEHDDDLHAHLMVLAVTHGKKLLVDPSNFPMLSECILVTLATHLA-EFSPATHCAVDKLLSAISSELSSKYR,0,0,140,139
68,N_5_gi|4699641,N_6_gi|231022,N_5_gi|4699641,N_6_gi|231022,VHWTAEEKQLITGLWGKVNVAECGAEALARLLIVYPWTQRFFASFGNLSSPTAILGNPMVRAHGKKVLTSFGDAVKNLDNIKNTFSQLSELHCDKLHVDPENFRLLGDILIIVLAAHFSKDFTPECQAAWQKLVRVVAHALARKYH,VLSPADKTNVKAAWGKVGAHAGEYGAEALERMFLSFPTTKTYFPHFDLSHGSAQVKGHGKKVADALTNAVAHVDDMPNALSALSDLHAHKLRVDPVNFKLLSHCLLVTLAAHLPAEFTPAVHASLDKFLASVSTVLTSKYR,VHWTAEEKQLITGLWGK--VNVAECGAEALARLLIVYPWTQRFFASFGNLSSPTAILGNPMVRAHGKKVLTSFGDAVKNLDNIKNTFSQLSELHCDKLHVDPENFRLLGDILIIVLAAHFSKDFTPECQAAWQKLVRVVAHALARKYH,-VLSPADKTNVKAAWGKVGAHAGEYGAEALERMFLSFPTTKTYFPHFDLSH------GSAQVKGHGKKVADALTNAVAHVDDMPNALSALSDLHAHKLRVDPVNFKLLSHCLLVTLAAHLPAEFTPAVHASLDKFLASVSTVLTSKYR,0,0,145,140
69,N_5_gi|4699641,N_7_gi|231023,N_5_gi|4699641,N_7_gi|231023,VHWTAEEKQLITGLWGKVNVAECGAEALARLLIVYPWTQRFFASFGNLSSPTAILGNPMVRAHGKKVLTSFGDAVKNLDNIKNTFSQLSELHCDKLHVDPENFRLLGDILIIVLAAHFSKDFTPECQAAWQKLVRVVAHALARKYH,VHLTPEEKSAVTALWGKVNVDEVGGEALGRLLVVYPWTQRFFESFGDLSTPDAVMGNPKVKAHGKKVLGAFSDGLAHLDNLKGTFATLSELHCDKLHVDPENFRLLGNVLVCVLAHHFGKEFTPPVQAAYQKVVAGVANALAHKYH,VHWTAEEKQLITGLWGKVNVAECGAEALARLLIVYPWTQRFFASFGNLSSPTAILGNPMVRAHGKKVLTSFGDAVKNLDNIKNTFSQLSELHCDKLHVDPENFRLLGDILIIVLAAHFSKDFTPECQAAWQKLVRVVAHALARKYH,VHLTPEEKSAVTALWGKVNVDEVGGEALGRLLVVYPWTQRFFESFGDLSTPDAVMGNPKVKAHGKKVLGAFSDGLAHLDNLKGTFATLSELHCDKLHVDPENFRLLGNVLVCVLAHHFGKEFTPPVQAAYQKVVAGVANALAHKYH,0,0,145,145
70,N_5_gi|4699641,N_8_gi|4699569,N_5_gi|4699641,N_8_gi|4699569,VHWTAEEKQLITGLWGKVNVAECGAEALARLLIVYPWTQRFFASFGNLSSPTAILGNPMVRAHGKKVLTSFGDAVKNLDNIKNTFSQLSELHCDKLHVDPENFRLLGDILIIVLAAHFSKDFTPECQAAWQKLVRVVAHALARKYH,VLSSQNKKAIEELGNLIKANAEAWGADALARLFELHPQTKTYFSKFSGFEACNEQVKKHGKRVMNALADATHHLDNLHLHLEDLARKHGENLLVDPHNFHLFADCIVVTLAVNLQAFTPVTHCAVDKFLELVAYELSSCYR,VHWTAEEKQLITGLWGK--VNVAECGAEALARLLIVYPWTQRFFASFGNLSSPTAILGNPMVRAHGKKVLTSFGDAVKNLDNIKNTFSQLSELHCDKLHVDPENFRLLGDILIIVLAAHFSKDFTPECQAAWQKLVRVVAHALARKYH,-VLSSQNKKAIEELGNLIKANAEAWGADALARLFELHPQTKTYFSKFSGFEA-----CNEQVKKHGKRVMNALADATHHLDNLHLHLEDLARKHGENLLVDPHNFHLFADCIVVTLAVNLQ-AFTPVTHCAVDKFLELVAYELSSCYR,0,0,145,140
71,N_5_gi|4699641,N_9_gi|320089813,N_5_gi|4699641,N_9_gi|320089813,VHWTAEEKQLITGLWGKVNVAECGAEALARLLIVYPWTQRFFASFGNLSSPTAILGNPMVRAHGKKVLTSFGDAVKNLDNIKNTFSQLSELHCDKLHVDPENFRLLGDILIIVLAAHFSKDFTPECQAAWQKLVRVVAHALARKYH,AFTGVERSTIGAIAKILASTPEAYGAEALARLFATHPGAKSYFDYADYSAAGAKVQLHGGKVIRAVVSAAEHDDDLHAHLMVLAVTHGKKLLVDPSNFPMLSECILVTLATHLAEFSPATHCAVDKLLSAISSELSSKYR,VHWTAEEKQLITGLWGK--VNVAECGAEALARLLIVYPWTQRFFASFGNLSSPTAILGNPMVRAHGKKVLTSFGDAVKNLDNIKNTFSQLSELHCDKLHVDPENFRLLGDILIIVLAAHFSKDFTPECQAAWQKLVRVVAHALARKYH,-AFTGVERSTIGAIAKILASTPEAYGAEALARLFATHPGAKSYFDYADYSA------AGAKVQLHGGKVIRAVVSAAEHDDDLHAHLMVLAVTHGKKLLVDPSNFPMLSECILVTLATHLA-EFSPATHCAVDKLLSAISSELSSKYR,0,0,145,139
72,N_6_gi|231022,N_7_gi|231023,N_6_gi|231022,N_7_gi|231023,VLSPADKTNVKAAWGKVGAHAGEYGAEALERMFLSFPTTKTYFPHFDLSHGSAQVKGHGKKVADALTNAVAHVDDMPNALSALSDLHAHKLRVDPVNFKLLSHCLLVTLAAHLPAEFTPAVHASLDKFLASVSTVLTSKYR,VHLTPEEKSAVTALWGKVNVDEVGGEALGRLLVVYPWTQRFFESFGDLSTPDAVMGNPKVKAHGKKVLGAFSDGLAHLDNLKGTFATLSELHCDKLHVDPENFRLLGNVLVCVLAHHFGKEFTPPVQAAYQKVVAGVANALAHKYH,-VLSPADKTNVKAAWGKVGAHAGEYGAEALERMFLSFPTTKTYFPHFDLSH------GSAQVKGHGKKVADALTNAVAHVDDMPNALSALSDLHAHKLRVDPVNFKLLSHCLLVTLAAHLPAEFTPAVHASLDKFLASVSTVLTSKYR,VHLTPEEKSAVTALWGK--VNVDEVGGEALGRLLVVYPWTQRFFESFGDLSTPDAVMGNPKVKAHGKKVLGAFSDGLAHLDNLKGTFATLSELHCDKLHVDPENFRLLGNVLVCVLAHHFGKEFTPPVQAAYQKVVAGVANALAHKYH,0,0,140,145
73,N_6_gi|231022,N_8_gi|4699569,N_6_gi|231022,N_8_gi|4699569,VLSPADKTNVKAAWGKVGAHAGEYGAEALERMFLSFPTTKTYFPHFDLSHGSAQVKGHGKKVADALTNAVAHVDDMPNALSALSDLHAHKLRVDPVNFKLLSHCLLVTLAAHLPAEFTPAVHASLDKFLASVSTVLTSKYR,VLSSQNKKAIEELGNLIKANAEAWGADALARLFELHPQTKTYFSKFSGFEACNEQVKKHGKRVMNALADATHHLDNLHLHLEDLARKHGENLLVDPHNFHLFADCIVVTLAVNLQAFTPVTHCAVDKFLELVAYELSSCYR,VLSPADKTNVKAAWGKVGAHAGEYGAEALERMFLSFPTTKTYFPHFDLSH-GSAQVKGHGKKVADALTNAVAHVDDMPNALSALSDLHAHKLRVDPVNFKLLSHCLLVTLAAHLPAEFTPAVHASLDKFLASVSTVLTSKYR,VLSSQNKKAIEELGNLIKANAEAWGADALARLFELHPQTKTYFSKFSGFEACNEQVKKHGKRVMNALADATHHLDNLHLHLEDLARKHGENLLVDPHNFHLFADCIVVTLAVNLQ-AFTPVTHCAVDKFLELVAYELSSCYR,0,0,140,140
74,N_6_gi|231022,N_9_gi|320089813,N_6_gi|231022,N_9_gi|320089813,VLSPADKTNVKAAWGKVGAHAGEYGAEALERMFLSFPTTKTYFPHFDLSHGSAQVKGHGKKVADALTNAVAHVDDMPNALSALSDLHAHKLRVDPVNFKLLSHCLLVTLAAHLPAEFTPAVHASLDKFLASVSTVLTSKYR,AFTGVERSTIGAIAKILASTPEAYGAEALARLFATHPGAKSYFDYADYSAAGAKVQLHGGKVIRAVVSAAEHDDDLHAHLMVLAVTHGKKLLVDPSNFPMLSECILVTLATHLAEFSPATHCAVDKLLSAISSELSSKYR,VLSPADKTNVKAAWGKVGAHAGEYGAEALERMFLSFPTTKTYFPHFDLSHGSAQVKGHGKKVADALTNAVAHVDDMPNALSALSDLHAHKLRVDPVNFKLLSHCLLVTLAAHLPAEFTPAVHASLDKFLASVSTVLTSKYR,AFTGVERSTIGAIAKILASTPEAYGAEALARLFATHPGAKSYFDYADYSAAGAKVQLHGGKVIRAVVSAAEHDDDLHAHLMVLAVTHGKKLLVDPSNFPMLSECILVTLATHLA-EFSPATHCAVDKLLSAISSELSSKYR,0,0,140,139
75,N_7_gi|231023,N_8_gi|4699569,N_7_gi|231023,N_8_gi|4699569,VHLTPEEKSAVTALWGKVNVDEVGGEALGRLLVVYPWTQRFFESFGDLSTPDAVMGNPKVKAHGKKVLGAFSDGLAHLDNLKGTFATLSELHCDKLHVDPENFRLLGNVLVCVLAHHFGKEFTPPVQAAYQKVVAGVANALAHKYH,VLSSQNKKAIEELGNLIKANAEAWGADALARLFELHPQTKTYFSKFSGFEACNEQVKKHGKRVMNALADATHHLDNLHLHLEDLARKHGENLLVDPHNFHLFADCIVVTLAVNLQAFTPVTHCAVDKFLELVAYELSSCYR,VHLTPEEKSAVTALWGK--VNVDEVGGEALGRLLVVYPWTQRFFESFGDLSTPDAVMGNPKVKAHGKKVLGAFSDGLAHLDNLKGTFATLSELHCDKLHVDPENFRLLGNVLVCVLAHHFGKEFTPPVQAAYQKVVAGVANALAHKYH,-VLSSQNKKAIEELGNLIKANAEAWGADALARLFELHPQTKTYFSKFSGFEA-----CNEQVKKHGKRVMNALADATHHLDNLHLHLEDLARKHGENLLVDPHNFHLFADCIVVTLAVNLQ-AFTPVTHCAVDKFLELVAYELSSCYR,0,0,145,140
76,N_7_gi|231023,N_9_gi|320089813,N_7_gi|231023,N_9_gi|320089813,VHLTPEEKSAVTALWGKVNVDEVGGEALGRLLVVYPWTQRFFESFGDLSTPDAVMGNPKVKAHGKKVLGAFSDGLAHLDNLKGTFATLSELHCDKLHVDPENFRLLGNVLVCVLAHHFGKEFTPPVQAAYQKVVAGVANALAHKYH,AFTGVERSTIGAIAKILASTPEAYGAEALARLFATHPGAKSYFDYADYSAAGAKVQLHGGKVIRAVVSAAEHDDDLHAHLMVLAVTHGKKLLVDPSNFPMLSECILVTLATHLAEFSPATHCAVDKLLSAISSELSSKYR,VHLTPEEKSAVTALWGK--VNVDEVGGEALGRLLVVYPWTQRFFESFGDLSTPDAVMGNPKVKAHGKKVLGAFSDGLAHLDNLKGTFATLSELHCDKLHVDPENFRLLGNVLVCVLAHHFGKEFTPPVQAAYQKVVAGVANALAHKYH,-AFTGVERSTIGAIAKILASTPEAYGAEALARLFATHPGAKSYFDYADYSA------AGAKVQLHGGKVIRAVVSAAEHDDDLHAHLMVLAVTHGKKLLVDPSNFPMLSECILVTLATHLA-EFSPATHCAVDKLLSAISSELSSKYR,0,0,145,139
77,N_8_gi|4699569,N_9_gi|320089813,N_8_gi|4699569,N_9_gi|320089813,VLSSQNKKAIEELGNLIKANAEAWGADALARLFELHPQTKTYFSKFSGFEACNEQVKKHGKRVMNALADATHHLDNLHLHLEDLARKHGENLLVDPHNFHLFADCIVVTLAVNLQAFTPVTHCAVDKFLELVAYELSSCYR,AFTGVERSTIGAIAKILASTPEAYGAEALARLFATHPGAKSYFDYADYSAAGAKVQLHGGKVIRAVVSAAEHDDDLHAHLMVLAVTHGKKLLVDPSNFPMLSECILVTLATHLAEFSPATHCAVDKLLSAISSELSSKYR,VLSSQNKKAIEELGNLIKANAEAWGADALARLFELHPQTKTYFSKFSGFEACNEQVKKHGKRVMNALADATHHLDNLHLHLEDLARKHGENLLVDPHNFHLFADCIVVTLAVNLQAFTPVTHCAVDKFLELVAYELSSCYR,AFTGVERSTIGAIAKILASTPEAYGAEALARLFATHPGAKSYFDYADYSA-AGAKVQLHGGKVIRAVVSAAEHDDDLHAHLMVLAVTHGKKLLVDPSNFPMLSECILVTLATHLAEFSPATHCAVDKLLSAISSELSSKYR,0,0,140,139
